<?xml version="1.0" encoding="UTF-8"?>
<gpx xmlns:xsi="http://www.w3.org/2001/XMLSchema-instance" xsi:schemaLocation="http://www.topografix.com/GPX/1/1 http://www.topografix.com/GPX/1/1/gpx.xsd http://www.garmin.com/xmlschemas/GpxExtensions/v3 http://www.garmin.com/xmlschemas/GpxExtensionsv3.xsd http://www.garmin.com/xmlschemas/TrackPointExtension/v1 http://www.garmin.com/xmlschemas/TrackPointExtensionv1.xsd" creator="StravaGPX" version="1.1" xmlns="http://www.topografix.com/GPX/1/1" xmlns:gpxtpx="http://www.garmin.com/xmlschemas/TrackPointExtension/v1" xmlns:gpxx="http://www.garmin.com/xmlschemas/GpxExtensions/v3">
 <metadata>
  <time>2024-10-10T06:59:54Z</time>
 </metadata>
 <trk>
  <name>Ochtendrit</name>
  <type>cycling</type>
  <trkseg>
   <trkpt lat="52.3659360" lon="4.9574370">
    <ele>-13.2</ele>
    <time>2024-10-10T06:59:54Z</time>
    <extensions>
     <gpxtpx:TrackPointExtension>
      <gpxtpx:atemp>9</gpxtpx:atemp>
     </gpxtpx:TrackPointExtension>
    </extensions>
   </trkpt>
   <trkpt lat="52.3659320" lon="4.9573710">
    <ele>-13.2</ele>
    <time>2024-10-10T06:59:55Z</time>
    <extensions>
     <gpxtpx:TrackPointExtension>
      <gpxtpx:atemp>9</gpxtpx:atemp>
     </gpxtpx:TrackPointExtension>
    </extensions>
   </trkpt>
   <trkpt lat="52.3659260" lon="4.9573450">
    <ele>-13.2</ele>
    <time>2024-10-10T06:59:56Z</time>
    <extensions>
     <gpxtpx:TrackPointExtension>
      <gpxtpx:atemp>9</gpxtpx:atemp>
     </gpxtpx:TrackPointExtension>
    </extensions>
   </trkpt>
   <trkpt lat="52.3659190" lon="4.9573570">
    <ele>-13.2</ele>
    <time>2024-10-10T06:59:57Z</time>
    <extensions>
     <gpxtpx:TrackPointExtension>
      <gpxtpx:atemp>9</gpxtpx:atemp>
     </gpxtpx:TrackPointExtension>
    </extensions>
   </trkpt>
   <trkpt lat="52.3659090" lon="4.9572680">
    <ele>-13.2</ele>
    <time>2024-10-10T06:59:58Z</time>
    <extensions>
     <gpxtpx:TrackPointExtension>
      <gpxtpx:atemp>9</gpxtpx:atemp>
     </gpxtpx:TrackPointExtension>
    </extensions>
   </trkpt>
   <trkpt lat="52.3658970" lon="4.9571580">
    <ele>-13.2</ele>
    <time>2024-10-10T06:59:59Z</time>
    <extensions>
     <gpxtpx:TrackPointExtension>
      <gpxtpx:atemp>9</gpxtpx:atemp>
     </gpxtpx:TrackPointExtension>
    </extensions>
   </trkpt>
   <trkpt lat="52.3658920" lon="4.9570280">
    <ele>-13.2</ele>
    <time>2024-10-10T07:00:00Z</time>
    <extensions>
     <gpxtpx:TrackPointExtension>
      <gpxtpx:atemp>9</gpxtpx:atemp>
     </gpxtpx:TrackPointExtension>
    </extensions>
   </trkpt>
   <trkpt lat="52.3658840" lon="4.9569270">
    <ele>-13.2</ele>
    <time>2024-10-10T07:00:01Z</time>
    <extensions>
     <gpxtpx:TrackPointExtension>
      <gpxtpx:atemp>9</gpxtpx:atemp>
     </gpxtpx:TrackPointExtension>
    </extensions>
   </trkpt>
   <trkpt lat="52.3658770" lon="4.9568270">
    <ele>-13.2</ele>
    <time>2024-10-10T07:00:02Z</time>
    <extensions>
     <gpxtpx:TrackPointExtension>
      <gpxtpx:atemp>9</gpxtpx:atemp>
     </gpxtpx:TrackPointExtension>
    </extensions>
   </trkpt>
   <trkpt lat="52.3658680" lon="4.9567250">
    <ele>-13.2</ele>
    <time>2024-10-10T07:00:03Z</time>
    <extensions>
     <gpxtpx:TrackPointExtension>
      <gpxtpx:atemp>9</gpxtpx:atemp>
     </gpxtpx:TrackPointExtension>
    </extensions>
   </trkpt>
   <trkpt lat="52.3658560" lon="4.9566190">
    <ele>-13.2</ele>
    <time>2024-10-10T07:00:04Z</time>
    <extensions>
     <gpxtpx:TrackPointExtension>
      <gpxtpx:atemp>9</gpxtpx:atemp>
     </gpxtpx:TrackPointExtension>
    </extensions>
   </trkpt>
   <trkpt lat="52.3658440" lon="4.9565160">
    <ele>-13.2</ele>
    <time>2024-10-10T07:00:05Z</time>
    <extensions>
     <gpxtpx:TrackPointExtension>
      <gpxtpx:atemp>9</gpxtpx:atemp>
     </gpxtpx:TrackPointExtension>
    </extensions>
   </trkpt>
   <trkpt lat="52.3658280" lon="4.9564130">
    <ele>-13.2</ele>
    <time>2024-10-10T07:00:06Z</time>
    <extensions>
     <gpxtpx:TrackPointExtension>
      <gpxtpx:atemp>9</gpxtpx:atemp>
     </gpxtpx:TrackPointExtension>
    </extensions>
   </trkpt>
   <trkpt lat="52.3658110" lon="4.9563010">
    <ele>-13.2</ele>
    <time>2024-10-10T07:00:07Z</time>
    <extensions>
     <gpxtpx:TrackPointExtension>
      <gpxtpx:atemp>9</gpxtpx:atemp>
     </gpxtpx:TrackPointExtension>
    </extensions>
   </trkpt>
   <trkpt lat="52.3657990" lon="4.9561920">
    <ele>-13.2</ele>
    <time>2024-10-10T07:00:08Z</time>
    <extensions>
     <gpxtpx:TrackPointExtension>
      <gpxtpx:atemp>9</gpxtpx:atemp>
     </gpxtpx:TrackPointExtension>
    </extensions>
   </trkpt>
   <trkpt lat="52.3657880" lon="4.9560800">
    <ele>-13.2</ele>
    <time>2024-10-10T07:00:09Z</time>
    <extensions>
     <gpxtpx:TrackPointExtension>
      <gpxtpx:atemp>9</gpxtpx:atemp>
     </gpxtpx:TrackPointExtension>
    </extensions>
   </trkpt>
   <trkpt lat="52.3657760" lon="4.9559660">
    <ele>-13.2</ele>
    <time>2024-10-10T07:00:10Z</time>
    <extensions>
     <gpxtpx:TrackPointExtension>
      <gpxtpx:atemp>9</gpxtpx:atemp>
     </gpxtpx:TrackPointExtension>
    </extensions>
   </trkpt>
   <trkpt lat="52.3657650" lon="4.9558480">
    <ele>-13.2</ele>
    <time>2024-10-10T07:00:11Z</time>
    <extensions>
     <gpxtpx:TrackPointExtension>
      <gpxtpx:atemp>9</gpxtpx:atemp>
     </gpxtpx:TrackPointExtension>
    </extensions>
   </trkpt>
   <trkpt lat="52.3657530" lon="4.9557270">
    <ele>-13.2</ele>
    <time>2024-10-10T07:00:12Z</time>
    <extensions>
     <gpxtpx:TrackPointExtension>
      <gpxtpx:atemp>9</gpxtpx:atemp>
     </gpxtpx:TrackPointExtension>
    </extensions>
   </trkpt>
   <trkpt lat="52.3657410" lon="4.9556040">
    <ele>-13.2</ele>
    <time>2024-10-10T07:00:13Z</time>
    <extensions>
     <gpxtpx:TrackPointExtension>
      <gpxtpx:atemp>9</gpxtpx:atemp>
     </gpxtpx:TrackPointExtension>
    </extensions>
   </trkpt>
   <trkpt lat="52.3657270" lon="4.9554840">
    <ele>-13.2</ele>
    <time>2024-10-10T07:00:14Z</time>
    <extensions>
     <gpxtpx:TrackPointExtension>
      <gpxtpx:atemp>9</gpxtpx:atemp>
     </gpxtpx:TrackPointExtension>
    </extensions>
   </trkpt>
   <trkpt lat="52.3657160" lon="4.9553610">
    <ele>-13.2</ele>
    <time>2024-10-10T07:00:15Z</time>
    <extensions>
     <gpxtpx:TrackPointExtension>
      <gpxtpx:atemp>9</gpxtpx:atemp>
     </gpxtpx:TrackPointExtension>
    </extensions>
   </trkpt>
   <trkpt lat="52.3657080" lon="4.9552380">
    <ele>-13.2</ele>
    <time>2024-10-10T07:00:16Z</time>
    <extensions>
     <gpxtpx:TrackPointExtension>
      <gpxtpx:atemp>9</gpxtpx:atemp>
     </gpxtpx:TrackPointExtension>
    </extensions>
   </trkpt>
   <trkpt lat="52.3656970" lon="4.9551150">
    <ele>-13.2</ele>
    <time>2024-10-10T07:00:17Z</time>
    <extensions>
     <gpxtpx:TrackPointExtension>
      <gpxtpx:atemp>9</gpxtpx:atemp>
     </gpxtpx:TrackPointExtension>
    </extensions>
   </trkpt>
   <trkpt lat="52.3656890" lon="4.9549930">
    <ele>-13.2</ele>
    <time>2024-10-10T07:00:18Z</time>
    <extensions>
     <gpxtpx:TrackPointExtension>
      <gpxtpx:atemp>9</gpxtpx:atemp>
     </gpxtpx:TrackPointExtension>
    </extensions>
   </trkpt>
   <trkpt lat="52.3656750" lon="4.9548680">
    <ele>-13.2</ele>
    <time>2024-10-10T07:00:19Z</time>
    <extensions>
     <gpxtpx:TrackPointExtension>
      <gpxtpx:atemp>9</gpxtpx:atemp>
     </gpxtpx:TrackPointExtension>
    </extensions>
   </trkpt>
   <trkpt lat="52.3656570" lon="4.9547380">
    <ele>-13.2</ele>
    <time>2024-10-10T07:00:20Z</time>
    <extensions>
     <gpxtpx:TrackPointExtension>
      <gpxtpx:atemp>9</gpxtpx:atemp>
     </gpxtpx:TrackPointExtension>
    </extensions>
   </trkpt>
   <trkpt lat="52.3656430" lon="4.9546120">
    <ele>-13.2</ele>
    <time>2024-10-10T07:00:21Z</time>
    <extensions>
     <gpxtpx:TrackPointExtension>
      <gpxtpx:atemp>9</gpxtpx:atemp>
     </gpxtpx:TrackPointExtension>
    </extensions>
   </trkpt>
   <trkpt lat="52.3656310" lon="4.9544900">
    <ele>-13.2</ele>
    <time>2024-10-10T07:00:22Z</time>
    <extensions>
     <gpxtpx:TrackPointExtension>
      <gpxtpx:atemp>9</gpxtpx:atemp>
     </gpxtpx:TrackPointExtension>
    </extensions>
   </trkpt>
   <trkpt lat="52.3656200" lon="4.9543710">
    <ele>-13.2</ele>
    <time>2024-10-10T07:00:23Z</time>
    <extensions>
     <gpxtpx:TrackPointExtension>
      <gpxtpx:atemp>9</gpxtpx:atemp>
     </gpxtpx:TrackPointExtension>
    </extensions>
   </trkpt>
   <trkpt lat="52.3656100" lon="4.9542540">
    <ele>-13.2</ele>
    <time>2024-10-10T07:00:24Z</time>
    <extensions>
     <gpxtpx:TrackPointExtension>
      <gpxtpx:atemp>9</gpxtpx:atemp>
     </gpxtpx:TrackPointExtension>
    </extensions>
   </trkpt>
   <trkpt lat="52.3656010" lon="4.9541360">
    <ele>-13.2</ele>
    <time>2024-10-10T07:00:25Z</time>
    <extensions>
     <gpxtpx:TrackPointExtension>
      <gpxtpx:atemp>9</gpxtpx:atemp>
     </gpxtpx:TrackPointExtension>
    </extensions>
   </trkpt>
   <trkpt lat="52.3655890" lon="4.9540170">
    <ele>-13.2</ele>
    <time>2024-10-10T07:00:26Z</time>
    <extensions>
     <gpxtpx:TrackPointExtension>
      <gpxtpx:atemp>9</gpxtpx:atemp>
     </gpxtpx:TrackPointExtension>
    </extensions>
   </trkpt>
   <trkpt lat="52.3655780" lon="4.9539030">
    <ele>-13.2</ele>
    <time>2024-10-10T07:00:27Z</time>
    <extensions>
     <gpxtpx:TrackPointExtension>
      <gpxtpx:atemp>9</gpxtpx:atemp>
     </gpxtpx:TrackPointExtension>
    </extensions>
   </trkpt>
   <trkpt lat="52.3655670" lon="4.9537880">
    <ele>-13.4</ele>
    <time>2024-10-10T07:00:28Z</time>
    <extensions>
     <gpxtpx:TrackPointExtension>
      <gpxtpx:atemp>9</gpxtpx:atemp>
     </gpxtpx:TrackPointExtension>
    </extensions>
   </trkpt>
   <trkpt lat="52.3655550" lon="4.9536690">
    <ele>-13.4</ele>
    <time>2024-10-10T07:00:29Z</time>
    <extensions>
     <gpxtpx:TrackPointExtension>
      <gpxtpx:atemp>9</gpxtpx:atemp>
     </gpxtpx:TrackPointExtension>
    </extensions>
   </trkpt>
   <trkpt lat="52.3655440" lon="4.9535540">
    <ele>-13.6</ele>
    <time>2024-10-10T07:00:30Z</time>
    <extensions>
     <gpxtpx:TrackPointExtension>
      <gpxtpx:atemp>9</gpxtpx:atemp>
     </gpxtpx:TrackPointExtension>
    </extensions>
   </trkpt>
   <trkpt lat="52.3655330" lon="4.9534460">
    <ele>-13.8</ele>
    <time>2024-10-10T07:00:31Z</time>
    <extensions>
     <gpxtpx:TrackPointExtension>
      <gpxtpx:atemp>9</gpxtpx:atemp>
     </gpxtpx:TrackPointExtension>
    </extensions>
   </trkpt>
   <trkpt lat="52.3655210" lon="4.9533270">
    <ele>-13.8</ele>
    <time>2024-10-10T07:00:32Z</time>
    <extensions>
     <gpxtpx:TrackPointExtension>
      <gpxtpx:atemp>9</gpxtpx:atemp>
     </gpxtpx:TrackPointExtension>
    </extensions>
   </trkpt>
   <trkpt lat="52.3655100" lon="4.9532150">
    <ele>-14.0</ele>
    <time>2024-10-10T07:00:33Z</time>
    <extensions>
     <gpxtpx:TrackPointExtension>
      <gpxtpx:atemp>9</gpxtpx:atemp>
     </gpxtpx:TrackPointExtension>
    </extensions>
   </trkpt>
   <trkpt lat="52.3654980" lon="4.9531060">
    <ele>-14.0</ele>
    <time>2024-10-10T07:00:34Z</time>
    <extensions>
     <gpxtpx:TrackPointExtension>
      <gpxtpx:atemp>9</gpxtpx:atemp>
     </gpxtpx:TrackPointExtension>
    </extensions>
   </trkpt>
   <trkpt lat="52.3654890" lon="4.9529930">
    <ele>-14.2</ele>
    <time>2024-10-10T07:00:35Z</time>
    <extensions>
     <gpxtpx:TrackPointExtension>
      <gpxtpx:atemp>9</gpxtpx:atemp>
     </gpxtpx:TrackPointExtension>
    </extensions>
   </trkpt>
   <trkpt lat="52.3654840" lon="4.9528820">
    <ele>-14.6</ele>
    <time>2024-10-10T07:00:36Z</time>
    <extensions>
     <gpxtpx:TrackPointExtension>
      <gpxtpx:atemp>9</gpxtpx:atemp>
     </gpxtpx:TrackPointExtension>
    </extensions>
   </trkpt>
   <trkpt lat="52.3654750" lon="4.9527710">
    <ele>-15.2</ele>
    <time>2024-10-10T07:00:37Z</time>
    <extensions>
     <gpxtpx:TrackPointExtension>
      <gpxtpx:atemp>9</gpxtpx:atemp>
     </gpxtpx:TrackPointExtension>
    </extensions>
   </trkpt>
   <trkpt lat="52.3654630" lon="4.9526540">
    <ele>-15.6</ele>
    <time>2024-10-10T07:00:38Z</time>
    <extensions>
     <gpxtpx:TrackPointExtension>
      <gpxtpx:atemp>9</gpxtpx:atemp>
     </gpxtpx:TrackPointExtension>
    </extensions>
   </trkpt>
   <trkpt lat="52.3654520" lon="4.9525360">
    <ele>-16.0</ele>
    <time>2024-10-10T07:00:39Z</time>
    <extensions>
     <gpxtpx:TrackPointExtension>
      <gpxtpx:atemp>9</gpxtpx:atemp>
     </gpxtpx:TrackPointExtension>
    </extensions>
   </trkpt>
   <trkpt lat="52.3654420" lon="4.9524180">
    <ele>-16.6</ele>
    <time>2024-10-10T07:00:40Z</time>
    <extensions>
     <gpxtpx:TrackPointExtension>
      <gpxtpx:atemp>9</gpxtpx:atemp>
     </gpxtpx:TrackPointExtension>
    </extensions>
   </trkpt>
   <trkpt lat="52.3654330" lon="4.9522990">
    <ele>-17.0</ele>
    <time>2024-10-10T07:00:41Z</time>
    <extensions>
     <gpxtpx:TrackPointExtension>
      <gpxtpx:atemp>9</gpxtpx:atemp>
     </gpxtpx:TrackPointExtension>
    </extensions>
   </trkpt>
   <trkpt lat="52.3654230" lon="4.9521870">
    <ele>-17.2</ele>
    <time>2024-10-10T07:00:42Z</time>
    <extensions>
     <gpxtpx:TrackPointExtension>
      <gpxtpx:atemp>9</gpxtpx:atemp>
     </gpxtpx:TrackPointExtension>
    </extensions>
   </trkpt>
   <trkpt lat="52.3654160" lon="4.9520770">
    <ele>-17.2</ele>
    <time>2024-10-10T07:00:43Z</time>
    <extensions>
     <gpxtpx:TrackPointExtension>
      <gpxtpx:atemp>9</gpxtpx:atemp>
     </gpxtpx:TrackPointExtension>
    </extensions>
   </trkpt>
   <trkpt lat="52.3654080" lon="4.9519530">
    <ele>-17.2</ele>
    <time>2024-10-10T07:00:44Z</time>
    <extensions>
     <gpxtpx:TrackPointExtension>
      <gpxtpx:atemp>9</gpxtpx:atemp>
     </gpxtpx:TrackPointExtension>
    </extensions>
   </trkpt>
   <trkpt lat="52.3654010" lon="4.9518370">
    <ele>-17.6</ele>
    <time>2024-10-10T07:00:45Z</time>
    <extensions>
     <gpxtpx:TrackPointExtension>
      <gpxtpx:atemp>9</gpxtpx:atemp>
     </gpxtpx:TrackPointExtension>
    </extensions>
   </trkpt>
   <trkpt lat="52.3653970" lon="4.9517190">
    <ele>-17.8</ele>
    <time>2024-10-10T07:00:46Z</time>
    <extensions>
     <gpxtpx:TrackPointExtension>
      <gpxtpx:atemp>9</gpxtpx:atemp>
     </gpxtpx:TrackPointExtension>
    </extensions>
   </trkpt>
   <trkpt lat="52.3653930" lon="4.9516020">
    <ele>-17.8</ele>
    <time>2024-10-10T07:00:47Z</time>
    <extensions>
     <gpxtpx:TrackPointExtension>
      <gpxtpx:atemp>9</gpxtpx:atemp>
     </gpxtpx:TrackPointExtension>
    </extensions>
   </trkpt>
   <trkpt lat="52.3653880" lon="4.9514830">
    <ele>-18.0</ele>
    <time>2024-10-10T07:00:48Z</time>
    <extensions>
     <gpxtpx:TrackPointExtension>
      <gpxtpx:atemp>9</gpxtpx:atemp>
     </gpxtpx:TrackPointExtension>
    </extensions>
   </trkpt>
   <trkpt lat="52.3653820" lon="4.9513660">
    <ele>-17.8</ele>
    <time>2024-10-10T07:00:49Z</time>
    <extensions>
     <gpxtpx:TrackPointExtension>
      <gpxtpx:atemp>9</gpxtpx:atemp>
     </gpxtpx:TrackPointExtension>
    </extensions>
   </trkpt>
   <trkpt lat="52.3653780" lon="4.9512510">
    <ele>-17.6</ele>
    <time>2024-10-10T07:00:50Z</time>
    <extensions>
     <gpxtpx:TrackPointExtension>
      <gpxtpx:atemp>9</gpxtpx:atemp>
     </gpxtpx:TrackPointExtension>
    </extensions>
   </trkpt>
   <trkpt lat="52.3653750" lon="4.9511370">
    <ele>-17.6</ele>
    <time>2024-10-10T07:00:51Z</time>
    <extensions>
     <gpxtpx:TrackPointExtension>
      <gpxtpx:atemp>9</gpxtpx:atemp>
     </gpxtpx:TrackPointExtension>
    </extensions>
   </trkpt>
   <trkpt lat="52.3653710" lon="4.9510280">
    <ele>-17.8</ele>
    <time>2024-10-10T07:00:52Z</time>
    <extensions>
     <gpxtpx:TrackPointExtension>
      <gpxtpx:atemp>9</gpxtpx:atemp>
     </gpxtpx:TrackPointExtension>
    </extensions>
   </trkpt>
   <trkpt lat="52.3653680" lon="4.9509410">
    <ele>-18.0</ele>
    <time>2024-10-10T07:00:53Z</time>
    <extensions>
     <gpxtpx:TrackPointExtension>
      <gpxtpx:atemp>9</gpxtpx:atemp>
     </gpxtpx:TrackPointExtension>
    </extensions>
   </trkpt>
   <trkpt lat="52.3653600" lon="4.9508080">
    <ele>-18.2</ele>
    <time>2024-10-10T07:00:54Z</time>
    <extensions>
     <gpxtpx:TrackPointExtension>
      <gpxtpx:atemp>9</gpxtpx:atemp>
     </gpxtpx:TrackPointExtension>
    </extensions>
   </trkpt>
   <trkpt lat="52.3653590" lon="4.9506960">
    <ele>-18.6</ele>
    <time>2024-10-10T07:00:55Z</time>
    <extensions>
     <gpxtpx:TrackPointExtension>
      <gpxtpx:atemp>9</gpxtpx:atemp>
     </gpxtpx:TrackPointExtension>
    </extensions>
   </trkpt>
   <trkpt lat="52.3653560" lon="4.9505960">
    <ele>-19.0</ele>
    <time>2024-10-10T07:00:56Z</time>
    <extensions>
     <gpxtpx:TrackPointExtension>
      <gpxtpx:atemp>9</gpxtpx:atemp>
     </gpxtpx:TrackPointExtension>
    </extensions>
   </trkpt>
   <trkpt lat="52.3653580" lon="4.9505000">
    <ele>-19.2</ele>
    <time>2024-10-10T07:00:57Z</time>
    <extensions>
     <gpxtpx:TrackPointExtension>
      <gpxtpx:atemp>9</gpxtpx:atemp>
     </gpxtpx:TrackPointExtension>
    </extensions>
   </trkpt>
   <trkpt lat="52.3653640" lon="4.9504080">
    <ele>-19.2</ele>
    <time>2024-10-10T07:00:58Z</time>
    <extensions>
     <gpxtpx:TrackPointExtension>
      <gpxtpx:atemp>9</gpxtpx:atemp>
     </gpxtpx:TrackPointExtension>
    </extensions>
   </trkpt>
   <trkpt lat="52.3653730" lon="4.9503240">
    <ele>-19.2</ele>
    <time>2024-10-10T07:00:59Z</time>
    <extensions>
     <gpxtpx:TrackPointExtension>
      <gpxtpx:atemp>9</gpxtpx:atemp>
     </gpxtpx:TrackPointExtension>
    </extensions>
   </trkpt>
   <trkpt lat="52.3653770" lon="4.9502430">
    <ele>-19.0</ele>
    <time>2024-10-10T07:01:00Z</time>
    <extensions>
     <gpxtpx:TrackPointExtension>
      <gpxtpx:atemp>9</gpxtpx:atemp>
     </gpxtpx:TrackPointExtension>
    </extensions>
   </trkpt>
   <trkpt lat="52.3653800" lon="4.9501720">
    <ele>-18.8</ele>
    <time>2024-10-10T07:01:01Z</time>
    <extensions>
     <gpxtpx:TrackPointExtension>
      <gpxtpx:atemp>9</gpxtpx:atemp>
     </gpxtpx:TrackPointExtension>
    </extensions>
   </trkpt>
   <trkpt lat="52.3653850" lon="4.9501010">
    <ele>-18.8</ele>
    <time>2024-10-10T07:01:02Z</time>
    <extensions>
     <gpxtpx:TrackPointExtension>
      <gpxtpx:atemp>9</gpxtpx:atemp>
     </gpxtpx:TrackPointExtension>
    </extensions>
   </trkpt>
   <trkpt lat="52.3653930" lon="4.9500280">
    <ele>-18.8</ele>
    <time>2024-10-10T07:01:03Z</time>
    <extensions>
     <gpxtpx:TrackPointExtension>
      <gpxtpx:atemp>9</gpxtpx:atemp>
     </gpxtpx:TrackPointExtension>
    </extensions>
   </trkpt>
   <trkpt lat="52.3654020" lon="4.9499510">
    <ele>-18.8</ele>
    <time>2024-10-10T07:01:04Z</time>
    <extensions>
     <gpxtpx:TrackPointExtension>
      <gpxtpx:atemp>9</gpxtpx:atemp>
     </gpxtpx:TrackPointExtension>
    </extensions>
   </trkpt>
   <trkpt lat="52.3654130" lon="4.9498750">
    <ele>-18.8</ele>
    <time>2024-10-10T07:01:05Z</time>
    <extensions>
     <gpxtpx:TrackPointExtension>
      <gpxtpx:atemp>9</gpxtpx:atemp>
     </gpxtpx:TrackPointExtension>
    </extensions>
   </trkpt>
   <trkpt lat="52.3654250" lon="4.9497910">
    <ele>-18.8</ele>
    <time>2024-10-10T07:01:06Z</time>
    <extensions>
     <gpxtpx:TrackPointExtension>
      <gpxtpx:atemp>9</gpxtpx:atemp>
     </gpxtpx:TrackPointExtension>
    </extensions>
   </trkpt>
   <trkpt lat="52.3654360" lon="4.9497170">
    <ele>-19.0</ele>
    <time>2024-10-10T07:01:07Z</time>
    <extensions>
     <gpxtpx:TrackPointExtension>
      <gpxtpx:atemp>9</gpxtpx:atemp>
     </gpxtpx:TrackPointExtension>
    </extensions>
   </trkpt>
   <trkpt lat="52.3654460" lon="4.9496450">
    <ele>-19.0</ele>
    <time>2024-10-10T07:01:08Z</time>
    <extensions>
     <gpxtpx:TrackPointExtension>
      <gpxtpx:atemp>9</gpxtpx:atemp>
     </gpxtpx:TrackPointExtension>
    </extensions>
   </trkpt>
   <trkpt lat="52.3654520" lon="4.9495680">
    <ele>-19.2</ele>
    <time>2024-10-10T07:01:09Z</time>
    <extensions>
     <gpxtpx:TrackPointExtension>
      <gpxtpx:atemp>9</gpxtpx:atemp>
     </gpxtpx:TrackPointExtension>
    </extensions>
   </trkpt>
   <trkpt lat="52.3654520" lon="4.9494940">
    <ele>-19.2</ele>
    <time>2024-10-10T07:01:10Z</time>
    <extensions>
     <gpxtpx:TrackPointExtension>
      <gpxtpx:atemp>9</gpxtpx:atemp>
     </gpxtpx:TrackPointExtension>
    </extensions>
   </trkpt>
   <trkpt lat="52.3654520" lon="4.9494220">
    <ele>-19.4</ele>
    <time>2024-10-10T07:01:11Z</time>
    <extensions>
     <gpxtpx:TrackPointExtension>
      <gpxtpx:atemp>9</gpxtpx:atemp>
     </gpxtpx:TrackPointExtension>
    </extensions>
   </trkpt>
   <trkpt lat="52.3654530" lon="4.9493490">
    <ele>-19.4</ele>
    <time>2024-10-10T07:01:12Z</time>
    <extensions>
     <gpxtpx:TrackPointExtension>
      <gpxtpx:atemp>9</gpxtpx:atemp>
     </gpxtpx:TrackPointExtension>
    </extensions>
   </trkpt>
   <trkpt lat="52.3654590" lon="4.9492710">
    <ele>-19.4</ele>
    <time>2024-10-10T07:01:13Z</time>
    <extensions>
     <gpxtpx:TrackPointExtension>
      <gpxtpx:atemp>9</gpxtpx:atemp>
     </gpxtpx:TrackPointExtension>
    </extensions>
   </trkpt>
   <trkpt lat="52.3654750" lon="4.9491820">
    <ele>-19.6</ele>
    <time>2024-10-10T07:01:14Z</time>
    <extensions>
     <gpxtpx:TrackPointExtension>
      <gpxtpx:atemp>9</gpxtpx:atemp>
     </gpxtpx:TrackPointExtension>
    </extensions>
   </trkpt>
   <trkpt lat="52.3655030" lon="4.9490990">
    <ele>-19.6</ele>
    <time>2024-10-10T07:01:15Z</time>
    <extensions>
     <gpxtpx:TrackPointExtension>
      <gpxtpx:atemp>9</gpxtpx:atemp>
     </gpxtpx:TrackPointExtension>
    </extensions>
   </trkpt>
   <trkpt lat="52.3655360" lon="4.9490210">
    <ele>-19.8</ele>
    <time>2024-10-10T07:01:16Z</time>
    <extensions>
     <gpxtpx:TrackPointExtension>
      <gpxtpx:atemp>9</gpxtpx:atemp>
     </gpxtpx:TrackPointExtension>
    </extensions>
   </trkpt>
   <trkpt lat="52.3655750" lon="4.9489530">
    <ele>-19.8</ele>
    <time>2024-10-10T07:01:17Z</time>
    <extensions>
     <gpxtpx:TrackPointExtension>
      <gpxtpx:atemp>9</gpxtpx:atemp>
     </gpxtpx:TrackPointExtension>
    </extensions>
   </trkpt>
   <trkpt lat="52.3656190" lon="4.9488920">
    <ele>-20.0</ele>
    <time>2024-10-10T07:01:18Z</time>
    <extensions>
     <gpxtpx:TrackPointExtension>
      <gpxtpx:atemp>9</gpxtpx:atemp>
     </gpxtpx:TrackPointExtension>
    </extensions>
   </trkpt>
   <trkpt lat="52.3656670" lon="4.9488340">
    <ele>-20.4</ele>
    <time>2024-10-10T07:01:19Z</time>
    <extensions>
     <gpxtpx:TrackPointExtension>
      <gpxtpx:atemp>9</gpxtpx:atemp>
     </gpxtpx:TrackPointExtension>
    </extensions>
   </trkpt>
   <trkpt lat="52.3657220" lon="4.9487730">
    <ele>-20.4</ele>
    <time>2024-10-10T07:01:20Z</time>
    <extensions>
     <gpxtpx:TrackPointExtension>
      <gpxtpx:atemp>9</gpxtpx:atemp>
     </gpxtpx:TrackPointExtension>
    </extensions>
   </trkpt>
   <trkpt lat="52.3657800" lon="4.9487210">
    <ele>-20.0</ele>
    <time>2024-10-10T07:01:21Z</time>
    <extensions>
     <gpxtpx:TrackPointExtension>
      <gpxtpx:atemp>9</gpxtpx:atemp>
     </gpxtpx:TrackPointExtension>
    </extensions>
   </trkpt>
   <trkpt lat="52.3658400" lon="4.9486790">
    <ele>-19.6</ele>
    <time>2024-10-10T07:01:22Z</time>
    <extensions>
     <gpxtpx:TrackPointExtension>
      <gpxtpx:atemp>9</gpxtpx:atemp>
     </gpxtpx:TrackPointExtension>
    </extensions>
   </trkpt>
   <trkpt lat="52.3658980" lon="4.9486200">
    <ele>-19.6</ele>
    <time>2024-10-10T07:01:23Z</time>
    <extensions>
     <gpxtpx:TrackPointExtension>
      <gpxtpx:atemp>9</gpxtpx:atemp>
     </gpxtpx:TrackPointExtension>
    </extensions>
   </trkpt>
   <trkpt lat="52.3659380" lon="4.9485380">
    <ele>-19.8</ele>
    <time>2024-10-10T07:01:24Z</time>
    <extensions>
     <gpxtpx:TrackPointExtension>
      <gpxtpx:atemp>9</gpxtpx:atemp>
     </gpxtpx:TrackPointExtension>
    </extensions>
   </trkpt>
   <trkpt lat="52.3659770" lon="4.9484550">
    <ele>-20.0</ele>
    <time>2024-10-10T07:01:25Z</time>
    <extensions>
     <gpxtpx:TrackPointExtension>
      <gpxtpx:atemp>9</gpxtpx:atemp>
     </gpxtpx:TrackPointExtension>
    </extensions>
   </trkpt>
   <trkpt lat="52.3660110" lon="4.9483760">
    <ele>-20.0</ele>
    <time>2024-10-10T07:01:26Z</time>
    <extensions>
     <gpxtpx:TrackPointExtension>
      <gpxtpx:atemp>9</gpxtpx:atemp>
     </gpxtpx:TrackPointExtension>
    </extensions>
   </trkpt>
   <trkpt lat="52.3660400" lon="4.9482960">
    <ele>-20.0</ele>
    <time>2024-10-10T07:01:27Z</time>
    <extensions>
     <gpxtpx:TrackPointExtension>
      <gpxtpx:atemp>9</gpxtpx:atemp>
     </gpxtpx:TrackPointExtension>
    </extensions>
   </trkpt>
   <trkpt lat="52.3660660" lon="4.9482070">
    <ele>-19.8</ele>
    <time>2024-10-10T07:01:28Z</time>
    <extensions>
     <gpxtpx:TrackPointExtension>
      <gpxtpx:atemp>9</gpxtpx:atemp>
     </gpxtpx:TrackPointExtension>
    </extensions>
   </trkpt>
   <trkpt lat="52.3660890" lon="4.9481090">
    <ele>-19.4</ele>
    <time>2024-10-10T07:01:29Z</time>
    <extensions>
     <gpxtpx:TrackPointExtension>
      <gpxtpx:atemp>9</gpxtpx:atemp>
     </gpxtpx:TrackPointExtension>
    </extensions>
   </trkpt>
   <trkpt lat="52.3661050" lon="4.9480080">
    <ele>-19.0</ele>
    <time>2024-10-10T07:01:30Z</time>
    <extensions>
     <gpxtpx:TrackPointExtension>
      <gpxtpx:atemp>9</gpxtpx:atemp>
     </gpxtpx:TrackPointExtension>
    </extensions>
   </trkpt>
   <trkpt lat="52.3661170" lon="4.9479150">
    <ele>-19.0</ele>
    <time>2024-10-10T07:01:31Z</time>
    <extensions>
     <gpxtpx:TrackPointExtension>
      <gpxtpx:atemp>9</gpxtpx:atemp>
     </gpxtpx:TrackPointExtension>
    </extensions>
   </trkpt>
   <trkpt lat="52.3661200" lon="4.9478310">
    <ele>-19.0</ele>
    <time>2024-10-10T07:01:32Z</time>
    <extensions>
     <gpxtpx:TrackPointExtension>
      <gpxtpx:atemp>9</gpxtpx:atemp>
     </gpxtpx:TrackPointExtension>
    </extensions>
   </trkpt>
   <trkpt lat="52.3661230" lon="4.9477520">
    <ele>-19.2</ele>
    <time>2024-10-10T07:01:33Z</time>
    <extensions>
     <gpxtpx:TrackPointExtension>
      <gpxtpx:atemp>9</gpxtpx:atemp>
     </gpxtpx:TrackPointExtension>
    </extensions>
   </trkpt>
   <trkpt lat="52.3661230" lon="4.9476680">
    <ele>-19.2</ele>
    <time>2024-10-10T07:01:34Z</time>
    <extensions>
     <gpxtpx:TrackPointExtension>
      <gpxtpx:atemp>9</gpxtpx:atemp>
     </gpxtpx:TrackPointExtension>
    </extensions>
   </trkpt>
   <trkpt lat="52.3661240" lon="4.9475870">
    <ele>-19.4</ele>
    <time>2024-10-10T07:01:35Z</time>
    <extensions>
     <gpxtpx:TrackPointExtension>
      <gpxtpx:atemp>9</gpxtpx:atemp>
     </gpxtpx:TrackPointExtension>
    </extensions>
   </trkpt>
   <trkpt lat="52.3661280" lon="4.9475080">
    <ele>-19.4</ele>
    <time>2024-10-10T07:01:36Z</time>
    <extensions>
     <gpxtpx:TrackPointExtension>
      <gpxtpx:atemp>9</gpxtpx:atemp>
     </gpxtpx:TrackPointExtension>
    </extensions>
   </trkpt>
   <trkpt lat="52.3661320" lon="4.9474250">
    <ele>-19.2</ele>
    <time>2024-10-10T07:01:37Z</time>
    <extensions>
     <gpxtpx:TrackPointExtension>
      <gpxtpx:atemp>9</gpxtpx:atemp>
     </gpxtpx:TrackPointExtension>
    </extensions>
   </trkpt>
   <trkpt lat="52.3661350" lon="4.9473460">
    <ele>-19.2</ele>
    <time>2024-10-10T07:01:38Z</time>
    <extensions>
     <gpxtpx:TrackPointExtension>
      <gpxtpx:atemp>9</gpxtpx:atemp>
     </gpxtpx:TrackPointExtension>
    </extensions>
   </trkpt>
   <trkpt lat="52.3661360" lon="4.9472740">
    <ele>-19.0</ele>
    <time>2024-10-10T07:01:39Z</time>
    <extensions>
     <gpxtpx:TrackPointExtension>
      <gpxtpx:atemp>9</gpxtpx:atemp>
     </gpxtpx:TrackPointExtension>
    </extensions>
   </trkpt>
   <trkpt lat="52.3661400" lon="4.9472080">
    <ele>-18.8</ele>
    <time>2024-10-10T07:01:40Z</time>
    <extensions>
     <gpxtpx:TrackPointExtension>
      <gpxtpx:atemp>9</gpxtpx:atemp>
     </gpxtpx:TrackPointExtension>
    </extensions>
   </trkpt>
   <trkpt lat="52.3661420" lon="4.9471500">
    <ele>-18.6</ele>
    <time>2024-10-10T07:01:41Z</time>
    <extensions>
     <gpxtpx:TrackPointExtension>
      <gpxtpx:atemp>9</gpxtpx:atemp>
     </gpxtpx:TrackPointExtension>
    </extensions>
   </trkpt>
   <trkpt lat="52.3661420" lon="4.9471110">
    <ele>-18.6</ele>
    <time>2024-10-10T07:01:42Z</time>
    <extensions>
     <gpxtpx:TrackPointExtension>
      <gpxtpx:atemp>9</gpxtpx:atemp>
     </gpxtpx:TrackPointExtension>
    </extensions>
   </trkpt>
   <trkpt lat="52.3659730" lon="4.9468410">
    <ele>-17.8</ele>
    <time>2024-10-10T07:03:00Z</time>
    <extensions>
     <gpxtpx:TrackPointExtension>
      <gpxtpx:atemp>9</gpxtpx:atemp>
     </gpxtpx:TrackPointExtension>
    </extensions>
   </trkpt>
   <trkpt lat="52.3659790" lon="4.9467900">
    <ele>-18.0</ele>
    <time>2024-10-10T07:03:01Z</time>
    <extensions>
     <gpxtpx:TrackPointExtension>
      <gpxtpx:atemp>9</gpxtpx:atemp>
     </gpxtpx:TrackPointExtension>
    </extensions>
   </trkpt>
   <trkpt lat="52.3659820" lon="4.9467670">
    <ele>-18.0</ele>
    <time>2024-10-10T07:03:02Z</time>
    <extensions>
     <gpxtpx:TrackPointExtension>
      <gpxtpx:atemp>9</gpxtpx:atemp>
     </gpxtpx:TrackPointExtension>
    </extensions>
   </trkpt>
   <trkpt lat="52.3659820" lon="4.9467450">
    <ele>-18.0</ele>
    <time>2024-10-10T07:03:03Z</time>
    <extensions>
     <gpxtpx:TrackPointExtension>
      <gpxtpx:atemp>9</gpxtpx:atemp>
     </gpxtpx:TrackPointExtension>
    </extensions>
   </trkpt>
   <trkpt lat="52.3659820" lon="4.9467280">
    <ele>-18.0</ele>
    <time>2024-10-10T07:03:04Z</time>
    <extensions>
     <gpxtpx:TrackPointExtension>
      <gpxtpx:atemp>9</gpxtpx:atemp>
     </gpxtpx:TrackPointExtension>
    </extensions>
   </trkpt>
   <trkpt lat="52.3659820" lon="4.9467130">
    <ele>-18.2</ele>
    <time>2024-10-10T07:03:05Z</time>
    <extensions>
     <gpxtpx:TrackPointExtension>
      <gpxtpx:atemp>9</gpxtpx:atemp>
     </gpxtpx:TrackPointExtension>
    </extensions>
   </trkpt>
   <trkpt lat="52.3659820" lon="4.9466880">
    <ele>-18.4</ele>
    <time>2024-10-10T07:03:06Z</time>
    <extensions>
     <gpxtpx:TrackPointExtension>
      <gpxtpx:atemp>9</gpxtpx:atemp>
     </gpxtpx:TrackPointExtension>
    </extensions>
   </trkpt>
   <trkpt lat="52.3659820" lon="4.9466450">
    <ele>-18.6</ele>
    <time>2024-10-10T07:03:07Z</time>
    <extensions>
     <gpxtpx:TrackPointExtension>
      <gpxtpx:atemp>9</gpxtpx:atemp>
     </gpxtpx:TrackPointExtension>
    </extensions>
   </trkpt>
   <trkpt lat="52.3659810" lon="4.9465860">
    <ele>-18.6</ele>
    <time>2024-10-10T07:03:08Z</time>
    <extensions>
     <gpxtpx:TrackPointExtension>
      <gpxtpx:atemp>9</gpxtpx:atemp>
     </gpxtpx:TrackPointExtension>
    </extensions>
   </trkpt>
   <trkpt lat="52.3659770" lon="4.9465150">
    <ele>-18.6</ele>
    <time>2024-10-10T07:03:09Z</time>
    <extensions>
     <gpxtpx:TrackPointExtension>
      <gpxtpx:atemp>9</gpxtpx:atemp>
     </gpxtpx:TrackPointExtension>
    </extensions>
   </trkpt>
   <trkpt lat="52.3659720" lon="4.9464380">
    <ele>-18.6</ele>
    <time>2024-10-10T07:03:10Z</time>
    <extensions>
     <gpxtpx:TrackPointExtension>
      <gpxtpx:atemp>9</gpxtpx:atemp>
     </gpxtpx:TrackPointExtension>
    </extensions>
   </trkpt>
   <trkpt lat="52.3659630" lon="4.9463560">
    <ele>-18.6</ele>
    <time>2024-10-10T07:03:11Z</time>
    <extensions>
     <gpxtpx:TrackPointExtension>
      <gpxtpx:atemp>9</gpxtpx:atemp>
     </gpxtpx:TrackPointExtension>
    </extensions>
   </trkpt>
   <trkpt lat="52.3659490" lon="4.9462620">
    <ele>-18.6</ele>
    <time>2024-10-10T07:03:12Z</time>
    <extensions>
     <gpxtpx:TrackPointExtension>
      <gpxtpx:atemp>9</gpxtpx:atemp>
     </gpxtpx:TrackPointExtension>
    </extensions>
   </trkpt>
   <trkpt lat="52.3659440" lon="4.9461680">
    <ele>-18.8</ele>
    <time>2024-10-10T07:03:13Z</time>
    <extensions>
     <gpxtpx:TrackPointExtension>
      <gpxtpx:atemp>9</gpxtpx:atemp>
     </gpxtpx:TrackPointExtension>
    </extensions>
   </trkpt>
   <trkpt lat="52.3659460" lon="4.9460760">
    <ele>-19.0</ele>
    <time>2024-10-10T07:03:14Z</time>
    <extensions>
     <gpxtpx:TrackPointExtension>
      <gpxtpx:atemp>9</gpxtpx:atemp>
     </gpxtpx:TrackPointExtension>
    </extensions>
   </trkpt>
   <trkpt lat="52.3659520" lon="4.9459850">
    <ele>-19.0</ele>
    <time>2024-10-10T07:03:15Z</time>
    <extensions>
     <gpxtpx:TrackPointExtension>
      <gpxtpx:atemp>9</gpxtpx:atemp>
     </gpxtpx:TrackPointExtension>
    </extensions>
   </trkpt>
   <trkpt lat="52.3659500" lon="4.9458870">
    <ele>-19.0</ele>
    <time>2024-10-10T07:03:16Z</time>
    <extensions>
     <gpxtpx:TrackPointExtension>
      <gpxtpx:atemp>9</gpxtpx:atemp>
     </gpxtpx:TrackPointExtension>
    </extensions>
   </trkpt>
   <trkpt lat="52.3659470" lon="4.9457890">
    <ele>-19.2</ele>
    <time>2024-10-10T07:03:17Z</time>
    <extensions>
     <gpxtpx:TrackPointExtension>
      <gpxtpx:atemp>9</gpxtpx:atemp>
     </gpxtpx:TrackPointExtension>
    </extensions>
   </trkpt>
   <trkpt lat="52.3659440" lon="4.9456940">
    <ele>-19.6</ele>
    <time>2024-10-10T07:03:18Z</time>
    <extensions>
     <gpxtpx:TrackPointExtension>
      <gpxtpx:atemp>9</gpxtpx:atemp>
     </gpxtpx:TrackPointExtension>
    </extensions>
   </trkpt>
   <trkpt lat="52.3659430" lon="4.9456050">
    <ele>-19.8</ele>
    <time>2024-10-10T07:03:19Z</time>
    <extensions>
     <gpxtpx:TrackPointExtension>
      <gpxtpx:atemp>9</gpxtpx:atemp>
     </gpxtpx:TrackPointExtension>
    </extensions>
   </trkpt>
   <trkpt lat="52.3659410" lon="4.9455130">
    <ele>-20.2</ele>
    <time>2024-10-10T07:03:20Z</time>
    <extensions>
     <gpxtpx:TrackPointExtension>
      <gpxtpx:atemp>9</gpxtpx:atemp>
     </gpxtpx:TrackPointExtension>
    </extensions>
   </trkpt>
   <trkpt lat="52.3659460" lon="4.9454180">
    <ele>-20.2</ele>
    <time>2024-10-10T07:03:21Z</time>
    <extensions>
     <gpxtpx:TrackPointExtension>
      <gpxtpx:atemp>9</gpxtpx:atemp>
     </gpxtpx:TrackPointExtension>
    </extensions>
   </trkpt>
   <trkpt lat="52.3659530" lon="4.9453210">
    <ele>-20.4</ele>
    <time>2024-10-10T07:03:22Z</time>
    <extensions>
     <gpxtpx:TrackPointExtension>
      <gpxtpx:atemp>9</gpxtpx:atemp>
     </gpxtpx:TrackPointExtension>
    </extensions>
   </trkpt>
   <trkpt lat="52.3659590" lon="4.9452200">
    <ele>-20.4</ele>
    <time>2024-10-10T07:03:23Z</time>
    <extensions>
     <gpxtpx:TrackPointExtension>
      <gpxtpx:atemp>9</gpxtpx:atemp>
     </gpxtpx:TrackPointExtension>
    </extensions>
   </trkpt>
   <trkpt lat="52.3659680" lon="4.9451200">
    <ele>-20.4</ele>
    <time>2024-10-10T07:03:24Z</time>
    <extensions>
     <gpxtpx:TrackPointExtension>
      <gpxtpx:atemp>9</gpxtpx:atemp>
     </gpxtpx:TrackPointExtension>
    </extensions>
   </trkpt>
   <trkpt lat="52.3659720" lon="4.9450260">
    <ele>-20.4</ele>
    <time>2024-10-10T07:03:25Z</time>
    <extensions>
     <gpxtpx:TrackPointExtension>
      <gpxtpx:atemp>9</gpxtpx:atemp>
     </gpxtpx:TrackPointExtension>
    </extensions>
   </trkpt>
   <trkpt lat="52.3659760" lon="4.9449320">
    <ele>-20.2</ele>
    <time>2024-10-10T07:03:26Z</time>
    <extensions>
     <gpxtpx:TrackPointExtension>
      <gpxtpx:atemp>9</gpxtpx:atemp>
     </gpxtpx:TrackPointExtension>
    </extensions>
   </trkpt>
   <trkpt lat="52.3659780" lon="4.9448370">
    <ele>-20.2</ele>
    <time>2024-10-10T07:03:27Z</time>
    <extensions>
     <gpxtpx:TrackPointExtension>
      <gpxtpx:atemp>9</gpxtpx:atemp>
     </gpxtpx:TrackPointExtension>
    </extensions>
   </trkpt>
   <trkpt lat="52.3659780" lon="4.9447420">
    <ele>-20.2</ele>
    <time>2024-10-10T07:03:28Z</time>
    <extensions>
     <gpxtpx:TrackPointExtension>
      <gpxtpx:atemp>9</gpxtpx:atemp>
     </gpxtpx:TrackPointExtension>
    </extensions>
   </trkpt>
   <trkpt lat="52.3659780" lon="4.9446510">
    <ele>-20.2</ele>
    <time>2024-10-10T07:03:29Z</time>
    <extensions>
     <gpxtpx:TrackPointExtension>
      <gpxtpx:atemp>9</gpxtpx:atemp>
     </gpxtpx:TrackPointExtension>
    </extensions>
   </trkpt>
   <trkpt lat="52.3659780" lon="4.9445670">
    <ele>-20.2</ele>
    <time>2024-10-10T07:03:30Z</time>
    <extensions>
     <gpxtpx:TrackPointExtension>
      <gpxtpx:atemp>9</gpxtpx:atemp>
     </gpxtpx:TrackPointExtension>
    </extensions>
   </trkpt>
   <trkpt lat="52.3659780" lon="4.9444920">
    <ele>-20.2</ele>
    <time>2024-10-10T07:03:31Z</time>
    <extensions>
     <gpxtpx:TrackPointExtension>
      <gpxtpx:atemp>9</gpxtpx:atemp>
     </gpxtpx:TrackPointExtension>
    </extensions>
   </trkpt>
   <trkpt lat="52.3659790" lon="4.9444180">
    <ele>-20.2</ele>
    <time>2024-10-10T07:03:32Z</time>
    <extensions>
     <gpxtpx:TrackPointExtension>
      <gpxtpx:atemp>9</gpxtpx:atemp>
     </gpxtpx:TrackPointExtension>
    </extensions>
   </trkpt>
   <trkpt lat="52.3659810" lon="4.9443430">
    <ele>-20.0</ele>
    <time>2024-10-10T07:03:33Z</time>
    <extensions>
     <gpxtpx:TrackPointExtension>
      <gpxtpx:atemp>9</gpxtpx:atemp>
     </gpxtpx:TrackPointExtension>
    </extensions>
   </trkpt>
   <trkpt lat="52.3659780" lon="4.9442480">
    <ele>-20.0</ele>
    <time>2024-10-10T07:03:34Z</time>
    <extensions>
     <gpxtpx:TrackPointExtension>
      <gpxtpx:atemp>9</gpxtpx:atemp>
     </gpxtpx:TrackPointExtension>
    </extensions>
   </trkpt>
   <trkpt lat="52.3659780" lon="4.9441600">
    <ele>-19.8</ele>
    <time>2024-10-10T07:03:35Z</time>
    <extensions>
     <gpxtpx:TrackPointExtension>
      <gpxtpx:atemp>9</gpxtpx:atemp>
     </gpxtpx:TrackPointExtension>
    </extensions>
   </trkpt>
   <trkpt lat="52.3659790" lon="4.9440660">
    <ele>-19.6</ele>
    <time>2024-10-10T07:03:36Z</time>
    <extensions>
     <gpxtpx:TrackPointExtension>
      <gpxtpx:atemp>9</gpxtpx:atemp>
     </gpxtpx:TrackPointExtension>
    </extensions>
   </trkpt>
   <trkpt lat="52.3659810" lon="4.9439680">
    <ele>-19.6</ele>
    <time>2024-10-10T07:03:37Z</time>
    <extensions>
     <gpxtpx:TrackPointExtension>
      <gpxtpx:atemp>9</gpxtpx:atemp>
     </gpxtpx:TrackPointExtension>
    </extensions>
   </trkpt>
   <trkpt lat="52.3659800" lon="4.9438620">
    <ele>-19.4</ele>
    <time>2024-10-10T07:03:38Z</time>
    <extensions>
     <gpxtpx:TrackPointExtension>
      <gpxtpx:atemp>9</gpxtpx:atemp>
     </gpxtpx:TrackPointExtension>
    </extensions>
   </trkpt>
   <trkpt lat="52.3659890" lon="4.9437450">
    <ele>-19.4</ele>
    <time>2024-10-10T07:03:39Z</time>
    <extensions>
     <gpxtpx:TrackPointExtension>
      <gpxtpx:atemp>9</gpxtpx:atemp>
     </gpxtpx:TrackPointExtension>
    </extensions>
   </trkpt>
   <trkpt lat="52.3659980" lon="4.9436270">
    <ele>-19.4</ele>
    <time>2024-10-10T07:03:40Z</time>
    <extensions>
     <gpxtpx:TrackPointExtension>
      <gpxtpx:atemp>9</gpxtpx:atemp>
     </gpxtpx:TrackPointExtension>
    </extensions>
   </trkpt>
   <trkpt lat="52.3660010" lon="4.9435220">
    <ele>-19.6</ele>
    <time>2024-10-10T07:03:41Z</time>
    <extensions>
     <gpxtpx:TrackPointExtension>
      <gpxtpx:atemp>9</gpxtpx:atemp>
     </gpxtpx:TrackPointExtension>
    </extensions>
   </trkpt>
   <trkpt lat="52.3660000" lon="4.9434190">
    <ele>-19.6</ele>
    <time>2024-10-10T07:03:42Z</time>
    <extensions>
     <gpxtpx:TrackPointExtension>
      <gpxtpx:atemp>9</gpxtpx:atemp>
     </gpxtpx:TrackPointExtension>
    </extensions>
   </trkpt>
   <trkpt lat="52.3659960" lon="4.9433100">
    <ele>-19.6</ele>
    <time>2024-10-10T07:03:43Z</time>
    <extensions>
     <gpxtpx:TrackPointExtension>
      <gpxtpx:atemp>9</gpxtpx:atemp>
     </gpxtpx:TrackPointExtension>
    </extensions>
   </trkpt>
   <trkpt lat="52.3659920" lon="4.9431920">
    <ele>-19.6</ele>
    <time>2024-10-10T07:03:44Z</time>
    <extensions>
     <gpxtpx:TrackPointExtension>
      <gpxtpx:atemp>9</gpxtpx:atemp>
     </gpxtpx:TrackPointExtension>
    </extensions>
   </trkpt>
   <trkpt lat="52.3659870" lon="4.9430780">
    <ele>-19.4</ele>
    <time>2024-10-10T07:03:45Z</time>
    <extensions>
     <gpxtpx:TrackPointExtension>
      <gpxtpx:atemp>9</gpxtpx:atemp>
     </gpxtpx:TrackPointExtension>
    </extensions>
   </trkpt>
   <trkpt lat="52.3659810" lon="4.9429680">
    <ele>-19.4</ele>
    <time>2024-10-10T07:03:46Z</time>
    <extensions>
     <gpxtpx:TrackPointExtension>
      <gpxtpx:atemp>9</gpxtpx:atemp>
     </gpxtpx:TrackPointExtension>
    </extensions>
   </trkpt>
   <trkpt lat="52.3659770" lon="4.9428590">
    <ele>-19.4</ele>
    <time>2024-10-10T07:03:47Z</time>
    <extensions>
     <gpxtpx:TrackPointExtension>
      <gpxtpx:atemp>9</gpxtpx:atemp>
     </gpxtpx:TrackPointExtension>
    </extensions>
   </trkpt>
   <trkpt lat="52.3659730" lon="4.9427520">
    <ele>-19.4</ele>
    <time>2024-10-10T07:03:48Z</time>
    <extensions>
     <gpxtpx:TrackPointExtension>
      <gpxtpx:atemp>9</gpxtpx:atemp>
     </gpxtpx:TrackPointExtension>
    </extensions>
   </trkpt>
   <trkpt lat="52.3659690" lon="4.9426490">
    <ele>-19.6</ele>
    <time>2024-10-10T07:03:49Z</time>
    <extensions>
     <gpxtpx:TrackPointExtension>
      <gpxtpx:atemp>9</gpxtpx:atemp>
     </gpxtpx:TrackPointExtension>
    </extensions>
   </trkpt>
   <trkpt lat="52.3659680" lon="4.9425410">
    <ele>-19.6</ele>
    <time>2024-10-10T07:03:50Z</time>
    <extensions>
     <gpxtpx:TrackPointExtension>
      <gpxtpx:atemp>9</gpxtpx:atemp>
     </gpxtpx:TrackPointExtension>
    </extensions>
   </trkpt>
   <trkpt lat="52.3659690" lon="4.9424290">
    <ele>-19.6</ele>
    <time>2024-10-10T07:03:51Z</time>
    <extensions>
     <gpxtpx:TrackPointExtension>
      <gpxtpx:atemp>9</gpxtpx:atemp>
     </gpxtpx:TrackPointExtension>
    </extensions>
   </trkpt>
   <trkpt lat="52.3659670" lon="4.9423190">
    <ele>-19.6</ele>
    <time>2024-10-10T07:03:52Z</time>
    <extensions>
     <gpxtpx:TrackPointExtension>
      <gpxtpx:atemp>9</gpxtpx:atemp>
     </gpxtpx:TrackPointExtension>
    </extensions>
   </trkpt>
   <trkpt lat="52.3659670" lon="4.9421980">
    <ele>-19.6</ele>
    <time>2024-10-10T07:03:53Z</time>
    <extensions>
     <gpxtpx:TrackPointExtension>
      <gpxtpx:atemp>9</gpxtpx:atemp>
     </gpxtpx:TrackPointExtension>
    </extensions>
   </trkpt>
   <trkpt lat="52.3659680" lon="4.9420790">
    <ele>-19.6</ele>
    <time>2024-10-10T07:03:54Z</time>
    <extensions>
     <gpxtpx:TrackPointExtension>
      <gpxtpx:atemp>9</gpxtpx:atemp>
     </gpxtpx:TrackPointExtension>
    </extensions>
   </trkpt>
   <trkpt lat="52.3659710" lon="4.9419560">
    <ele>-19.4</ele>
    <time>2024-10-10T07:03:55Z</time>
    <extensions>
     <gpxtpx:TrackPointExtension>
      <gpxtpx:atemp>9</gpxtpx:atemp>
     </gpxtpx:TrackPointExtension>
    </extensions>
   </trkpt>
   <trkpt lat="52.3659720" lon="4.9418420">
    <ele>-19.4</ele>
    <time>2024-10-10T07:03:56Z</time>
    <extensions>
     <gpxtpx:TrackPointExtension>
      <gpxtpx:atemp>9</gpxtpx:atemp>
     </gpxtpx:TrackPointExtension>
    </extensions>
   </trkpt>
   <trkpt lat="52.3659760" lon="4.9417340">
    <ele>-19.4</ele>
    <time>2024-10-10T07:03:57Z</time>
    <extensions>
     <gpxtpx:TrackPointExtension>
      <gpxtpx:atemp>9</gpxtpx:atemp>
     </gpxtpx:TrackPointExtension>
    </extensions>
   </trkpt>
   <trkpt lat="52.3659780" lon="4.9416250">
    <ele>-19.4</ele>
    <time>2024-10-10T07:03:58Z</time>
    <extensions>
     <gpxtpx:TrackPointExtension>
      <gpxtpx:atemp>9</gpxtpx:atemp>
     </gpxtpx:TrackPointExtension>
    </extensions>
   </trkpt>
   <trkpt lat="52.3659780" lon="4.9415130">
    <ele>-19.8</ele>
    <time>2024-10-10T07:03:59Z</time>
    <extensions>
     <gpxtpx:TrackPointExtension>
      <gpxtpx:atemp>9</gpxtpx:atemp>
     </gpxtpx:TrackPointExtension>
    </extensions>
   </trkpt>
   <trkpt lat="52.3659770" lon="4.9414060">
    <ele>-20.0</ele>
    <time>2024-10-10T07:04:00Z</time>
    <extensions>
     <gpxtpx:TrackPointExtension>
      <gpxtpx:atemp>9</gpxtpx:atemp>
     </gpxtpx:TrackPointExtension>
    </extensions>
   </trkpt>
   <trkpt lat="52.3659760" lon="4.9413030">
    <ele>-20.2</ele>
    <time>2024-10-10T07:04:01Z</time>
    <extensions>
     <gpxtpx:TrackPointExtension>
      <gpxtpx:atemp>9</gpxtpx:atemp>
     </gpxtpx:TrackPointExtension>
    </extensions>
   </trkpt>
   <trkpt lat="52.3659800" lon="4.9412030">
    <ele>-20.6</ele>
    <time>2024-10-10T07:04:02Z</time>
    <extensions>
     <gpxtpx:TrackPointExtension>
      <gpxtpx:atemp>9</gpxtpx:atemp>
     </gpxtpx:TrackPointExtension>
    </extensions>
   </trkpt>
   <trkpt lat="52.3659870" lon="4.9411070">
    <ele>-20.6</ele>
    <time>2024-10-10T07:04:03Z</time>
    <extensions>
     <gpxtpx:TrackPointExtension>
      <gpxtpx:atemp>9</gpxtpx:atemp>
     </gpxtpx:TrackPointExtension>
    </extensions>
   </trkpt>
   <trkpt lat="52.3659910" lon="4.9410130">
    <ele>-20.8</ele>
    <time>2024-10-10T07:04:04Z</time>
    <extensions>
     <gpxtpx:TrackPointExtension>
      <gpxtpx:atemp>9</gpxtpx:atemp>
     </gpxtpx:TrackPointExtension>
    </extensions>
   </trkpt>
   <trkpt lat="52.3659940" lon="4.9409270">
    <ele>-20.8</ele>
    <time>2024-10-10T07:04:05Z</time>
    <extensions>
     <gpxtpx:TrackPointExtension>
      <gpxtpx:atemp>9</gpxtpx:atemp>
     </gpxtpx:TrackPointExtension>
    </extensions>
   </trkpt>
   <trkpt lat="52.3659940" lon="4.9408410">
    <ele>-20.8</ele>
    <time>2024-10-10T07:04:06Z</time>
    <extensions>
     <gpxtpx:TrackPointExtension>
      <gpxtpx:atemp>9</gpxtpx:atemp>
     </gpxtpx:TrackPointExtension>
    </extensions>
   </trkpt>
   <trkpt lat="52.3659940" lon="4.9407530">
    <ele>-20.4</ele>
    <time>2024-10-10T07:04:07Z</time>
    <extensions>
     <gpxtpx:TrackPointExtension>
      <gpxtpx:atemp>9</gpxtpx:atemp>
     </gpxtpx:TrackPointExtension>
    </extensions>
   </trkpt>
   <trkpt lat="52.3659910" lon="4.9406660">
    <ele>-20.2</ele>
    <time>2024-10-10T07:04:08Z</time>
    <extensions>
     <gpxtpx:TrackPointExtension>
      <gpxtpx:atemp>9</gpxtpx:atemp>
     </gpxtpx:TrackPointExtension>
    </extensions>
   </trkpt>
   <trkpt lat="52.3659860" lon="4.9405840">
    <ele>-19.8</ele>
    <time>2024-10-10T07:04:09Z</time>
    <extensions>
     <gpxtpx:TrackPointExtension>
      <gpxtpx:atemp>9</gpxtpx:atemp>
     </gpxtpx:TrackPointExtension>
    </extensions>
   </trkpt>
   <trkpt lat="52.3659850" lon="4.9404960">
    <ele>-19.6</ele>
    <time>2024-10-10T07:04:10Z</time>
    <extensions>
     <gpxtpx:TrackPointExtension>
      <gpxtpx:atemp>9</gpxtpx:atemp>
     </gpxtpx:TrackPointExtension>
    </extensions>
   </trkpt>
   <trkpt lat="52.3659850" lon="4.9403960">
    <ele>-19.4</ele>
    <time>2024-10-10T07:04:11Z</time>
    <extensions>
     <gpxtpx:TrackPointExtension>
      <gpxtpx:atemp>9</gpxtpx:atemp>
     </gpxtpx:TrackPointExtension>
    </extensions>
   </trkpt>
   <trkpt lat="52.3659950" lon="4.9403040">
    <ele>-19.6</ele>
    <time>2024-10-10T07:04:12Z</time>
    <extensions>
     <gpxtpx:TrackPointExtension>
      <gpxtpx:atemp>9</gpxtpx:atemp>
     </gpxtpx:TrackPointExtension>
    </extensions>
   </trkpt>
   <trkpt lat="52.3660000" lon="4.9402170">
    <ele>-19.6</ele>
    <time>2024-10-10T07:04:13Z</time>
    <extensions>
     <gpxtpx:TrackPointExtension>
      <gpxtpx:atemp>9</gpxtpx:atemp>
     </gpxtpx:TrackPointExtension>
    </extensions>
   </trkpt>
   <trkpt lat="52.3660080" lon="4.9401510">
    <ele>-19.6</ele>
    <time>2024-10-10T07:04:14Z</time>
    <extensions>
     <gpxtpx:TrackPointExtension>
      <gpxtpx:atemp>9</gpxtpx:atemp>
     </gpxtpx:TrackPointExtension>
    </extensions>
   </trkpt>
   <trkpt lat="52.3660250" lon="4.9401030">
    <ele>-19.6</ele>
    <time>2024-10-10T07:04:15Z</time>
    <extensions>
     <gpxtpx:TrackPointExtension>
      <gpxtpx:atemp>9</gpxtpx:atemp>
     </gpxtpx:TrackPointExtension>
    </extensions>
   </trkpt>
   <trkpt lat="52.3660530" lon="4.9400630">
    <ele>-19.4</ele>
    <time>2024-10-10T07:04:16Z</time>
    <extensions>
     <gpxtpx:TrackPointExtension>
      <gpxtpx:atemp>9</gpxtpx:atemp>
     </gpxtpx:TrackPointExtension>
    </extensions>
   </trkpt>
   <trkpt lat="52.3660900" lon="4.9400390">
    <ele>-19.4</ele>
    <time>2024-10-10T07:04:17Z</time>
    <extensions>
     <gpxtpx:TrackPointExtension>
      <gpxtpx:atemp>9</gpxtpx:atemp>
     </gpxtpx:TrackPointExtension>
    </extensions>
   </trkpt>
   <trkpt lat="52.3661340" lon="4.9400220">
    <ele>-19.2</ele>
    <time>2024-10-10T07:04:18Z</time>
    <extensions>
     <gpxtpx:TrackPointExtension>
      <gpxtpx:atemp>9</gpxtpx:atemp>
     </gpxtpx:TrackPointExtension>
    </extensions>
   </trkpt>
   <trkpt lat="52.3661800" lon="4.9400050">
    <ele>-19.4</ele>
    <time>2024-10-10T07:04:19Z</time>
    <extensions>
     <gpxtpx:TrackPointExtension>
      <gpxtpx:atemp>9</gpxtpx:atemp>
     </gpxtpx:TrackPointExtension>
    </extensions>
   </trkpt>
   <trkpt lat="52.3662300" lon="4.9399930">
    <ele>-19.4</ele>
    <time>2024-10-10T07:04:20Z</time>
    <extensions>
     <gpxtpx:TrackPointExtension>
      <gpxtpx:atemp>9</gpxtpx:atemp>
     </gpxtpx:TrackPointExtension>
    </extensions>
   </trkpt>
   <trkpt lat="52.3662810" lon="4.9399800">
    <ele>-19.4</ele>
    <time>2024-10-10T07:04:21Z</time>
    <extensions>
     <gpxtpx:TrackPointExtension>
      <gpxtpx:atemp>9</gpxtpx:atemp>
     </gpxtpx:TrackPointExtension>
    </extensions>
   </trkpt>
   <trkpt lat="52.3663340" lon="4.9399690">
    <ele>-19.2</ele>
    <time>2024-10-10T07:04:22Z</time>
    <extensions>
     <gpxtpx:TrackPointExtension>
      <gpxtpx:atemp>9</gpxtpx:atemp>
     </gpxtpx:TrackPointExtension>
    </extensions>
   </trkpt>
   <trkpt lat="52.3663870" lon="4.9399630">
    <ele>-19.2</ele>
    <time>2024-10-10T07:04:23Z</time>
    <extensions>
     <gpxtpx:TrackPointExtension>
      <gpxtpx:atemp>9</gpxtpx:atemp>
     </gpxtpx:TrackPointExtension>
    </extensions>
   </trkpt>
   <trkpt lat="52.3664400" lon="4.9399590">
    <ele>-19.2</ele>
    <time>2024-10-10T07:04:24Z</time>
    <extensions>
     <gpxtpx:TrackPointExtension>
      <gpxtpx:atemp>9</gpxtpx:atemp>
     </gpxtpx:TrackPointExtension>
    </extensions>
   </trkpt>
   <trkpt lat="52.3664890" lon="4.9399540">
    <ele>-19.0</ele>
    <time>2024-10-10T07:04:25Z</time>
    <extensions>
     <gpxtpx:TrackPointExtension>
      <gpxtpx:atemp>9</gpxtpx:atemp>
     </gpxtpx:TrackPointExtension>
    </extensions>
   </trkpt>
   <trkpt lat="52.3665380" lon="4.9399490">
    <ele>-19.0</ele>
    <time>2024-10-10T07:04:26Z</time>
    <extensions>
     <gpxtpx:TrackPointExtension>
      <gpxtpx:atemp>9</gpxtpx:atemp>
     </gpxtpx:TrackPointExtension>
    </extensions>
   </trkpt>
   <trkpt lat="52.3665940" lon="4.9399360">
    <ele>-19.0</ele>
    <time>2024-10-10T07:04:27Z</time>
    <extensions>
     <gpxtpx:TrackPointExtension>
      <gpxtpx:atemp>9</gpxtpx:atemp>
     </gpxtpx:TrackPointExtension>
    </extensions>
   </trkpt>
   <trkpt lat="52.3666660" lon="4.9399090">
    <ele>-19.0</ele>
    <time>2024-10-10T07:04:28Z</time>
    <extensions>
     <gpxtpx:TrackPointExtension>
      <gpxtpx:atemp>9</gpxtpx:atemp>
     </gpxtpx:TrackPointExtension>
    </extensions>
   </trkpt>
   <trkpt lat="52.3667220" lon="4.9398910">
    <ele>-19.0</ele>
    <time>2024-10-10T07:04:29Z</time>
    <extensions>
     <gpxtpx:TrackPointExtension>
      <gpxtpx:atemp>9</gpxtpx:atemp>
     </gpxtpx:TrackPointExtension>
    </extensions>
   </trkpt>
   <trkpt lat="52.3667690" lon="4.9398720">
    <ele>-19.0</ele>
    <time>2024-10-10T07:04:30Z</time>
    <extensions>
     <gpxtpx:TrackPointExtension>
      <gpxtpx:atemp>9</gpxtpx:atemp>
     </gpxtpx:TrackPointExtension>
    </extensions>
   </trkpt>
   <trkpt lat="52.3668040" lon="4.9398330">
    <ele>-19.0</ele>
    <time>2024-10-10T07:04:31Z</time>
    <extensions>
     <gpxtpx:TrackPointExtension>
      <gpxtpx:atemp>9</gpxtpx:atemp>
     </gpxtpx:TrackPointExtension>
    </extensions>
   </trkpt>
   <trkpt lat="52.3668190" lon="4.9397770">
    <ele>-18.8</ele>
    <time>2024-10-10T07:04:32Z</time>
    <extensions>
     <gpxtpx:TrackPointExtension>
      <gpxtpx:atemp>9</gpxtpx:atemp>
     </gpxtpx:TrackPointExtension>
    </extensions>
   </trkpt>
   <trkpt lat="52.3668200" lon="4.9397100">
    <ele>-18.8</ele>
    <time>2024-10-10T07:04:33Z</time>
    <extensions>
     <gpxtpx:TrackPointExtension>
      <gpxtpx:atemp>9</gpxtpx:atemp>
     </gpxtpx:TrackPointExtension>
    </extensions>
   </trkpt>
   <trkpt lat="52.3668150" lon="4.9396400">
    <ele>-18.8</ele>
    <time>2024-10-10T07:04:34Z</time>
    <extensions>
     <gpxtpx:TrackPointExtension>
      <gpxtpx:atemp>9</gpxtpx:atemp>
     </gpxtpx:TrackPointExtension>
    </extensions>
   </trkpt>
   <trkpt lat="52.3668090" lon="4.9395640">
    <ele>-19.0</ele>
    <time>2024-10-10T07:04:35Z</time>
    <extensions>
     <gpxtpx:TrackPointExtension>
      <gpxtpx:atemp>9</gpxtpx:atemp>
     </gpxtpx:TrackPointExtension>
    </extensions>
   </trkpt>
   <trkpt lat="52.3668050" lon="4.9394810">
    <ele>-19.2</ele>
    <time>2024-10-10T07:04:36Z</time>
    <extensions>
     <gpxtpx:TrackPointExtension>
      <gpxtpx:atemp>9</gpxtpx:atemp>
     </gpxtpx:TrackPointExtension>
    </extensions>
   </trkpt>
   <trkpt lat="52.3668020" lon="4.9393900">
    <ele>-19.4</ele>
    <time>2024-10-10T07:04:37Z</time>
    <extensions>
     <gpxtpx:TrackPointExtension>
      <gpxtpx:atemp>9</gpxtpx:atemp>
     </gpxtpx:TrackPointExtension>
    </extensions>
   </trkpt>
   <trkpt lat="52.3668010" lon="4.9392950">
    <ele>-19.6</ele>
    <time>2024-10-10T07:04:38Z</time>
    <extensions>
     <gpxtpx:TrackPointExtension>
      <gpxtpx:atemp>9</gpxtpx:atemp>
     </gpxtpx:TrackPointExtension>
    </extensions>
   </trkpt>
   <trkpt lat="52.3667970" lon="4.9392060">
    <ele>-19.4</ele>
    <time>2024-10-10T07:04:39Z</time>
    <extensions>
     <gpxtpx:TrackPointExtension>
      <gpxtpx:atemp>9</gpxtpx:atemp>
     </gpxtpx:TrackPointExtension>
    </extensions>
   </trkpt>
   <trkpt lat="52.3667930" lon="4.9391080">
    <ele>-19.6</ele>
    <time>2024-10-10T07:04:40Z</time>
    <extensions>
     <gpxtpx:TrackPointExtension>
      <gpxtpx:atemp>9</gpxtpx:atemp>
     </gpxtpx:TrackPointExtension>
    </extensions>
   </trkpt>
   <trkpt lat="52.3667890" lon="4.9390140">
    <ele>-20.0</ele>
    <time>2024-10-10T07:04:41Z</time>
    <extensions>
     <gpxtpx:TrackPointExtension>
      <gpxtpx:atemp>9</gpxtpx:atemp>
     </gpxtpx:TrackPointExtension>
    </extensions>
   </trkpt>
   <trkpt lat="52.3667820" lon="4.9389190">
    <ele>-20.4</ele>
    <time>2024-10-10T07:04:42Z</time>
    <extensions>
     <gpxtpx:TrackPointExtension>
      <gpxtpx:atemp>9</gpxtpx:atemp>
     </gpxtpx:TrackPointExtension>
    </extensions>
   </trkpt>
   <trkpt lat="52.3667780" lon="4.9388190">
    <ele>-20.8</ele>
    <time>2024-10-10T07:04:43Z</time>
    <extensions>
     <gpxtpx:TrackPointExtension>
      <gpxtpx:atemp>9</gpxtpx:atemp>
     </gpxtpx:TrackPointExtension>
    </extensions>
   </trkpt>
   <trkpt lat="52.3667750" lon="4.9387180">
    <ele>-21.2</ele>
    <time>2024-10-10T07:04:44Z</time>
    <extensions>
     <gpxtpx:TrackPointExtension>
      <gpxtpx:atemp>9</gpxtpx:atemp>
     </gpxtpx:TrackPointExtension>
    </extensions>
   </trkpt>
   <trkpt lat="52.3667740" lon="4.9386150">
    <ele>-21.4</ele>
    <time>2024-10-10T07:04:45Z</time>
    <extensions>
     <gpxtpx:TrackPointExtension>
      <gpxtpx:atemp>9</gpxtpx:atemp>
     </gpxtpx:TrackPointExtension>
    </extensions>
   </trkpt>
   <trkpt lat="52.3667710" lon="4.9385140">
    <ele>-21.6</ele>
    <time>2024-10-10T07:04:46Z</time>
    <extensions>
     <gpxtpx:TrackPointExtension>
      <gpxtpx:atemp>9</gpxtpx:atemp>
     </gpxtpx:TrackPointExtension>
    </extensions>
   </trkpt>
   <trkpt lat="52.3667660" lon="4.9384140">
    <ele>-21.8</ele>
    <time>2024-10-10T07:04:47Z</time>
    <extensions>
     <gpxtpx:TrackPointExtension>
      <gpxtpx:atemp>9</gpxtpx:atemp>
     </gpxtpx:TrackPointExtension>
    </extensions>
   </trkpt>
   <trkpt lat="52.3667590" lon="4.9383070">
    <ele>-22.2</ele>
    <time>2024-10-10T07:04:48Z</time>
    <extensions>
     <gpxtpx:TrackPointExtension>
      <gpxtpx:atemp>9</gpxtpx:atemp>
     </gpxtpx:TrackPointExtension>
    </extensions>
   </trkpt>
   <trkpt lat="52.3667540" lon="4.9381930">
    <ele>-22.4</ele>
    <time>2024-10-10T07:04:49Z</time>
    <extensions>
     <gpxtpx:TrackPointExtension>
      <gpxtpx:atemp>9</gpxtpx:atemp>
     </gpxtpx:TrackPointExtension>
    </extensions>
   </trkpt>
   <trkpt lat="52.3667480" lon="4.9380840">
    <ele>-22.6</ele>
    <time>2024-10-10T07:04:50Z</time>
    <extensions>
     <gpxtpx:TrackPointExtension>
      <gpxtpx:atemp>9</gpxtpx:atemp>
     </gpxtpx:TrackPointExtension>
    </extensions>
   </trkpt>
   <trkpt lat="52.3667450" lon="4.9379740">
    <ele>-22.4</ele>
    <time>2024-10-10T07:04:51Z</time>
    <extensions>
     <gpxtpx:TrackPointExtension>
      <gpxtpx:atemp>9</gpxtpx:atemp>
     </gpxtpx:TrackPointExtension>
    </extensions>
   </trkpt>
   <trkpt lat="52.3667450" lon="4.9378620">
    <ele>-22.2</ele>
    <time>2024-10-10T07:04:52Z</time>
    <extensions>
     <gpxtpx:TrackPointExtension>
      <gpxtpx:atemp>9</gpxtpx:atemp>
     </gpxtpx:TrackPointExtension>
    </extensions>
   </trkpt>
   <trkpt lat="52.3667440" lon="4.9377490">
    <ele>-22.2</ele>
    <time>2024-10-10T07:04:53Z</time>
    <extensions>
     <gpxtpx:TrackPointExtension>
      <gpxtpx:atemp>9</gpxtpx:atemp>
     </gpxtpx:TrackPointExtension>
    </extensions>
   </trkpt>
   <trkpt lat="52.3667400" lon="4.9376450">
    <ele>-22.2</ele>
    <time>2024-10-10T07:04:54Z</time>
    <extensions>
     <gpxtpx:TrackPointExtension>
      <gpxtpx:atemp>9</gpxtpx:atemp>
     </gpxtpx:TrackPointExtension>
    </extensions>
   </trkpt>
   <trkpt lat="52.3667390" lon="4.9375390">
    <ele>-22.2</ele>
    <time>2024-10-10T07:04:55Z</time>
    <extensions>
     <gpxtpx:TrackPointExtension>
      <gpxtpx:atemp>9</gpxtpx:atemp>
     </gpxtpx:TrackPointExtension>
    </extensions>
   </trkpt>
   <trkpt lat="52.3667410" lon="4.9374360">
    <ele>-22.2</ele>
    <time>2024-10-10T07:04:56Z</time>
    <extensions>
     <gpxtpx:TrackPointExtension>
      <gpxtpx:atemp>9</gpxtpx:atemp>
     </gpxtpx:TrackPointExtension>
    </extensions>
   </trkpt>
   <trkpt lat="52.3667430" lon="4.9373280">
    <ele>-22.2</ele>
    <time>2024-10-10T07:04:57Z</time>
    <extensions>
     <gpxtpx:TrackPointExtension>
      <gpxtpx:atemp>9</gpxtpx:atemp>
     </gpxtpx:TrackPointExtension>
    </extensions>
   </trkpt>
   <trkpt lat="52.3667490" lon="4.9372030">
    <ele>-22.2</ele>
    <time>2024-10-10T07:04:58Z</time>
    <extensions>
     <gpxtpx:TrackPointExtension>
      <gpxtpx:atemp>9</gpxtpx:atemp>
     </gpxtpx:TrackPointExtension>
    </extensions>
   </trkpt>
   <trkpt lat="52.3667480" lon="4.9370870">
    <ele>-22.2</ele>
    <time>2024-10-10T07:04:59Z</time>
    <extensions>
     <gpxtpx:TrackPointExtension>
      <gpxtpx:atemp>9</gpxtpx:atemp>
     </gpxtpx:TrackPointExtension>
    </extensions>
   </trkpt>
   <trkpt lat="52.3667430" lon="4.9369730">
    <ele>-22.2</ele>
    <time>2024-10-10T07:05:00Z</time>
    <extensions>
     <gpxtpx:TrackPointExtension>
      <gpxtpx:atemp>9</gpxtpx:atemp>
     </gpxtpx:TrackPointExtension>
    </extensions>
   </trkpt>
   <trkpt lat="52.3667360" lon="4.9368640">
    <ele>-22.2</ele>
    <time>2024-10-10T07:05:01Z</time>
    <extensions>
     <gpxtpx:TrackPointExtension>
      <gpxtpx:atemp>9</gpxtpx:atemp>
     </gpxtpx:TrackPointExtension>
    </extensions>
   </trkpt>
   <trkpt lat="52.3667370" lon="4.9367500">
    <ele>-22.4</ele>
    <time>2024-10-10T07:05:02Z</time>
    <extensions>
     <gpxtpx:TrackPointExtension>
      <gpxtpx:atemp>9</gpxtpx:atemp>
     </gpxtpx:TrackPointExtension>
    </extensions>
   </trkpt>
   <trkpt lat="52.3667450" lon="4.9366310">
    <ele>-22.6</ele>
    <time>2024-10-10T07:05:03Z</time>
    <extensions>
     <gpxtpx:TrackPointExtension>
      <gpxtpx:atemp>9</gpxtpx:atemp>
     </gpxtpx:TrackPointExtension>
    </extensions>
   </trkpt>
   <trkpt lat="52.3667470" lon="4.9365150">
    <ele>-22.6</ele>
    <time>2024-10-10T07:05:04Z</time>
    <extensions>
     <gpxtpx:TrackPointExtension>
      <gpxtpx:atemp>9</gpxtpx:atemp>
     </gpxtpx:TrackPointExtension>
    </extensions>
   </trkpt>
   <trkpt lat="52.3667540" lon="4.9363990">
    <ele>-22.6</ele>
    <time>2024-10-10T07:05:05Z</time>
    <extensions>
     <gpxtpx:TrackPointExtension>
      <gpxtpx:atemp>9</gpxtpx:atemp>
     </gpxtpx:TrackPointExtension>
    </extensions>
   </trkpt>
   <trkpt lat="52.3667600" lon="4.9362850">
    <ele>-22.6</ele>
    <time>2024-10-10T07:05:06Z</time>
    <extensions>
     <gpxtpx:TrackPointExtension>
      <gpxtpx:atemp>9</gpxtpx:atemp>
     </gpxtpx:TrackPointExtension>
    </extensions>
   </trkpt>
   <trkpt lat="52.3667710" lon="4.9361830">
    <ele>-22.8</ele>
    <time>2024-10-10T07:05:07Z</time>
    <extensions>
     <gpxtpx:TrackPointExtension>
      <gpxtpx:atemp>9</gpxtpx:atemp>
     </gpxtpx:TrackPointExtension>
    </extensions>
   </trkpt>
   <trkpt lat="52.3667800" lon="4.9360800">
    <ele>-22.8</ele>
    <time>2024-10-10T07:05:08Z</time>
    <extensions>
     <gpxtpx:TrackPointExtension>
      <gpxtpx:atemp>9</gpxtpx:atemp>
     </gpxtpx:TrackPointExtension>
    </extensions>
   </trkpt>
   <trkpt lat="52.3667840" lon="4.9359740">
    <ele>-22.6</ele>
    <time>2024-10-10T07:05:09Z</time>
    <extensions>
     <gpxtpx:TrackPointExtension>
      <gpxtpx:atemp>9</gpxtpx:atemp>
     </gpxtpx:TrackPointExtension>
    </extensions>
   </trkpt>
   <trkpt lat="52.3667870" lon="4.9358670">
    <ele>-22.6</ele>
    <time>2024-10-10T07:05:10Z</time>
    <extensions>
     <gpxtpx:TrackPointExtension>
      <gpxtpx:atemp>9</gpxtpx:atemp>
     </gpxtpx:TrackPointExtension>
    </extensions>
   </trkpt>
   <trkpt lat="52.3667890" lon="4.9357540">
    <ele>-22.4</ele>
    <time>2024-10-10T07:05:11Z</time>
    <extensions>
     <gpxtpx:TrackPointExtension>
      <gpxtpx:atemp>9</gpxtpx:atemp>
     </gpxtpx:TrackPointExtension>
    </extensions>
   </trkpt>
   <trkpt lat="52.3667960" lon="4.9356450">
    <ele>-22.2</ele>
    <time>2024-10-10T07:05:12Z</time>
    <extensions>
     <gpxtpx:TrackPointExtension>
      <gpxtpx:atemp>9</gpxtpx:atemp>
     </gpxtpx:TrackPointExtension>
    </extensions>
   </trkpt>
   <trkpt lat="52.3667980" lon="4.9355360">
    <ele>-22.2</ele>
    <time>2024-10-10T07:05:13Z</time>
    <extensions>
     <gpxtpx:TrackPointExtension>
      <gpxtpx:atemp>9</gpxtpx:atemp>
     </gpxtpx:TrackPointExtension>
    </extensions>
   </trkpt>
   <trkpt lat="52.3668000" lon="4.9354250">
    <ele>-22.0</ele>
    <time>2024-10-10T07:05:14Z</time>
    <extensions>
     <gpxtpx:TrackPointExtension>
      <gpxtpx:atemp>9</gpxtpx:atemp>
     </gpxtpx:TrackPointExtension>
    </extensions>
   </trkpt>
   <trkpt lat="52.3668040" lon="4.9353190">
    <ele>-21.8</ele>
    <time>2024-10-10T07:05:15Z</time>
    <extensions>
     <gpxtpx:TrackPointExtension>
      <gpxtpx:atemp>9</gpxtpx:atemp>
     </gpxtpx:TrackPointExtension>
    </extensions>
   </trkpt>
   <trkpt lat="52.3668100" lon="4.9352110">
    <ele>-21.6</ele>
    <time>2024-10-10T07:05:16Z</time>
    <extensions>
     <gpxtpx:TrackPointExtension>
      <gpxtpx:atemp>9</gpxtpx:atemp>
     </gpxtpx:TrackPointExtension>
    </extensions>
   </trkpt>
   <trkpt lat="52.3668110" lon="4.9351010">
    <ele>-21.4</ele>
    <time>2024-10-10T07:05:17Z</time>
    <extensions>
     <gpxtpx:TrackPointExtension>
      <gpxtpx:atemp>9</gpxtpx:atemp>
     </gpxtpx:TrackPointExtension>
    </extensions>
   </trkpt>
   <trkpt lat="52.3668140" lon="4.9349940">
    <ele>-21.2</ele>
    <time>2024-10-10T07:05:18Z</time>
    <extensions>
     <gpxtpx:TrackPointExtension>
      <gpxtpx:atemp>9</gpxtpx:atemp>
     </gpxtpx:TrackPointExtension>
    </extensions>
   </trkpt>
   <trkpt lat="52.3668140" lon="4.9348910">
    <ele>-21.2</ele>
    <time>2024-10-10T07:05:19Z</time>
    <extensions>
     <gpxtpx:TrackPointExtension>
      <gpxtpx:atemp>9</gpxtpx:atemp>
     </gpxtpx:TrackPointExtension>
    </extensions>
   </trkpt>
   <trkpt lat="52.3668150" lon="4.9347780">
    <ele>-21.2</ele>
    <time>2024-10-10T07:05:20Z</time>
    <extensions>
     <gpxtpx:TrackPointExtension>
      <gpxtpx:atemp>9</gpxtpx:atemp>
     </gpxtpx:TrackPointExtension>
    </extensions>
   </trkpt>
   <trkpt lat="52.3668190" lon="4.9346800">
    <ele>-21.0</ele>
    <time>2024-10-10T07:05:21Z</time>
    <extensions>
     <gpxtpx:TrackPointExtension>
      <gpxtpx:atemp>9</gpxtpx:atemp>
     </gpxtpx:TrackPointExtension>
    </extensions>
   </trkpt>
   <trkpt lat="52.3668220" lon="4.9345920">
    <ele>-21.0</ele>
    <time>2024-10-10T07:05:22Z</time>
    <extensions>
     <gpxtpx:TrackPointExtension>
      <gpxtpx:atemp>9</gpxtpx:atemp>
     </gpxtpx:TrackPointExtension>
    </extensions>
   </trkpt>
   <trkpt lat="52.3668260" lon="4.9345160">
    <ele>-20.8</ele>
    <time>2024-10-10T07:05:23Z</time>
    <extensions>
     <gpxtpx:TrackPointExtension>
      <gpxtpx:atemp>9</gpxtpx:atemp>
     </gpxtpx:TrackPointExtension>
    </extensions>
   </trkpt>
   <trkpt lat="52.3668320" lon="4.9344460">
    <ele>-20.6</ele>
    <time>2024-10-10T07:05:24Z</time>
    <extensions>
     <gpxtpx:TrackPointExtension>
      <gpxtpx:atemp>9</gpxtpx:atemp>
     </gpxtpx:TrackPointExtension>
    </extensions>
   </trkpt>
   <trkpt lat="52.3668420" lon="4.9343730">
    <ele>-20.4</ele>
    <time>2024-10-10T07:05:25Z</time>
    <extensions>
     <gpxtpx:TrackPointExtension>
      <gpxtpx:atemp>9</gpxtpx:atemp>
     </gpxtpx:TrackPointExtension>
    </extensions>
   </trkpt>
   <trkpt lat="52.3668520" lon="4.9343190">
    <ele>-20.2</ele>
    <time>2024-10-10T07:05:26Z</time>
    <extensions>
     <gpxtpx:TrackPointExtension>
      <gpxtpx:atemp>9</gpxtpx:atemp>
     </gpxtpx:TrackPointExtension>
    </extensions>
   </trkpt>
   <trkpt lat="52.3668680" lon="4.9342730">
    <ele>-20.0</ele>
    <time>2024-10-10T07:05:27Z</time>
    <extensions>
     <gpxtpx:TrackPointExtension>
      <gpxtpx:atemp>9</gpxtpx:atemp>
     </gpxtpx:TrackPointExtension>
    </extensions>
   </trkpt>
   <trkpt lat="52.3668830" lon="4.9342260">
    <ele>-19.8</ele>
    <time>2024-10-10T07:05:28Z</time>
    <extensions>
     <gpxtpx:TrackPointExtension>
      <gpxtpx:atemp>9</gpxtpx:atemp>
     </gpxtpx:TrackPointExtension>
    </extensions>
   </trkpt>
   <trkpt lat="52.3668970" lon="4.9341750">
    <ele>-19.6</ele>
    <time>2024-10-10T07:05:29Z</time>
    <extensions>
     <gpxtpx:TrackPointExtension>
      <gpxtpx:atemp>9</gpxtpx:atemp>
     </gpxtpx:TrackPointExtension>
    </extensions>
   </trkpt>
   <trkpt lat="52.3669090" lon="4.9341250">
    <ele>-19.6</ele>
    <time>2024-10-10T07:05:30Z</time>
    <extensions>
     <gpxtpx:TrackPointExtension>
      <gpxtpx:atemp>9</gpxtpx:atemp>
     </gpxtpx:TrackPointExtension>
    </extensions>
   </trkpt>
   <trkpt lat="52.3669220" lon="4.9340680">
    <ele>-19.6</ele>
    <time>2024-10-10T07:05:31Z</time>
    <extensions>
     <gpxtpx:TrackPointExtension>
      <gpxtpx:atemp>9</gpxtpx:atemp>
     </gpxtpx:TrackPointExtension>
    </extensions>
   </trkpt>
   <trkpt lat="52.3669430" lon="4.9340100">
    <ele>-19.6</ele>
    <time>2024-10-10T07:05:32Z</time>
    <extensions>
     <gpxtpx:TrackPointExtension>
      <gpxtpx:atemp>9</gpxtpx:atemp>
     </gpxtpx:TrackPointExtension>
    </extensions>
   </trkpt>
   <trkpt lat="52.3669680" lon="4.9339700">
    <ele>-19.8</ele>
    <time>2024-10-10T07:05:33Z</time>
    <extensions>
     <gpxtpx:TrackPointExtension>
      <gpxtpx:atemp>9</gpxtpx:atemp>
     </gpxtpx:TrackPointExtension>
    </extensions>
   </trkpt>
   <trkpt lat="52.3669970" lon="4.9339440">
    <ele>-19.8</ele>
    <time>2024-10-10T07:05:34Z</time>
    <extensions>
     <gpxtpx:TrackPointExtension>
      <gpxtpx:atemp>9</gpxtpx:atemp>
     </gpxtpx:TrackPointExtension>
    </extensions>
   </trkpt>
   <trkpt lat="52.3670280" lon="4.9339200">
    <ele>-19.8</ele>
    <time>2024-10-10T07:05:35Z</time>
    <extensions>
     <gpxtpx:TrackPointExtension>
      <gpxtpx:atemp>9</gpxtpx:atemp>
     </gpxtpx:TrackPointExtension>
    </extensions>
   </trkpt>
   <trkpt lat="52.3670670" lon="4.9338990">
    <ele>-19.8</ele>
    <time>2024-10-10T07:05:36Z</time>
    <extensions>
     <gpxtpx:TrackPointExtension>
      <gpxtpx:atemp>9</gpxtpx:atemp>
     </gpxtpx:TrackPointExtension>
    </extensions>
   </trkpt>
   <trkpt lat="52.3671120" lon="4.9338810">
    <ele>-19.8</ele>
    <time>2024-10-10T07:05:37Z</time>
    <extensions>
     <gpxtpx:TrackPointExtension>
      <gpxtpx:atemp>9</gpxtpx:atemp>
     </gpxtpx:TrackPointExtension>
    </extensions>
   </trkpt>
   <trkpt lat="52.3671670" lon="4.9338710">
    <ele>-19.8</ele>
    <time>2024-10-10T07:05:38Z</time>
    <extensions>
     <gpxtpx:TrackPointExtension>
      <gpxtpx:atemp>9</gpxtpx:atemp>
     </gpxtpx:TrackPointExtension>
    </extensions>
   </trkpt>
   <trkpt lat="52.3672240" lon="4.9338670">
    <ele>-19.8</ele>
    <time>2024-10-10T07:05:39Z</time>
    <extensions>
     <gpxtpx:TrackPointExtension>
      <gpxtpx:atemp>9</gpxtpx:atemp>
     </gpxtpx:TrackPointExtension>
    </extensions>
   </trkpt>
   <trkpt lat="52.3672830" lon="4.9338620">
    <ele>-19.8</ele>
    <time>2024-10-10T07:05:40Z</time>
    <extensions>
     <gpxtpx:TrackPointExtension>
      <gpxtpx:atemp>9</gpxtpx:atemp>
     </gpxtpx:TrackPointExtension>
    </extensions>
   </trkpt>
   <trkpt lat="52.3673430" lon="4.9338500">
    <ele>-19.8</ele>
    <time>2024-10-10T07:05:41Z</time>
    <extensions>
     <gpxtpx:TrackPointExtension>
      <gpxtpx:atemp>9</gpxtpx:atemp>
     </gpxtpx:TrackPointExtension>
    </extensions>
   </trkpt>
   <trkpt lat="52.3674010" lon="4.9338290">
    <ele>-19.8</ele>
    <time>2024-10-10T07:05:42Z</time>
    <extensions>
     <gpxtpx:TrackPointExtension>
      <gpxtpx:atemp>9</gpxtpx:atemp>
     </gpxtpx:TrackPointExtension>
    </extensions>
   </trkpt>
   <trkpt lat="52.3674610" lon="4.9338080">
    <ele>-19.8</ele>
    <time>2024-10-10T07:05:43Z</time>
    <extensions>
     <gpxtpx:TrackPointExtension>
      <gpxtpx:atemp>9</gpxtpx:atemp>
     </gpxtpx:TrackPointExtension>
    </extensions>
   </trkpt>
   <trkpt lat="52.3675240" lon="4.9337940">
    <ele>-19.6</ele>
    <time>2024-10-10T07:05:44Z</time>
    <extensions>
     <gpxtpx:TrackPointExtension>
      <gpxtpx:atemp>9</gpxtpx:atemp>
     </gpxtpx:TrackPointExtension>
    </extensions>
   </trkpt>
   <trkpt lat="52.3675880" lon="4.9337950">
    <ele>-19.8</ele>
    <time>2024-10-10T07:05:45Z</time>
    <extensions>
     <gpxtpx:TrackPointExtension>
      <gpxtpx:atemp>9</gpxtpx:atemp>
     </gpxtpx:TrackPointExtension>
    </extensions>
   </trkpt>
   <trkpt lat="52.3676500" lon="4.9338070">
    <ele>-19.8</ele>
    <time>2024-10-10T07:05:46Z</time>
    <extensions>
     <gpxtpx:TrackPointExtension>
      <gpxtpx:atemp>9</gpxtpx:atemp>
     </gpxtpx:TrackPointExtension>
    </extensions>
   </trkpt>
   <trkpt lat="52.3677140" lon="4.9338180">
    <ele>-20.2</ele>
    <time>2024-10-10T07:05:47Z</time>
    <extensions>
     <gpxtpx:TrackPointExtension>
      <gpxtpx:atemp>9</gpxtpx:atemp>
     </gpxtpx:TrackPointExtension>
    </extensions>
   </trkpt>
   <trkpt lat="52.3677760" lon="4.9338210">
    <ele>-20.6</ele>
    <time>2024-10-10T07:05:48Z</time>
    <extensions>
     <gpxtpx:TrackPointExtension>
      <gpxtpx:atemp>9</gpxtpx:atemp>
     </gpxtpx:TrackPointExtension>
    </extensions>
   </trkpt>
   <trkpt lat="52.3678410" lon="4.9338160">
    <ele>-21.0</ele>
    <time>2024-10-10T07:05:49Z</time>
    <extensions>
     <gpxtpx:TrackPointExtension>
      <gpxtpx:atemp>9</gpxtpx:atemp>
     </gpxtpx:TrackPointExtension>
    </extensions>
   </trkpt>
   <trkpt lat="52.3679080" lon="4.9338070">
    <ele>-21.2</ele>
    <time>2024-10-10T07:05:50Z</time>
    <extensions>
     <gpxtpx:TrackPointExtension>
      <gpxtpx:atemp>9</gpxtpx:atemp>
     </gpxtpx:TrackPointExtension>
    </extensions>
   </trkpt>
   <trkpt lat="52.3679780" lon="4.9337980">
    <ele>-21.2</ele>
    <time>2024-10-10T07:05:51Z</time>
    <extensions>
     <gpxtpx:TrackPointExtension>
      <gpxtpx:atemp>9</gpxtpx:atemp>
     </gpxtpx:TrackPointExtension>
    </extensions>
   </trkpt>
   <trkpt lat="52.3680420" lon="4.9337880">
    <ele>-21.4</ele>
    <time>2024-10-10T07:05:52Z</time>
    <extensions>
     <gpxtpx:TrackPointExtension>
      <gpxtpx:atemp>9</gpxtpx:atemp>
     </gpxtpx:TrackPointExtension>
    </extensions>
   </trkpt>
   <trkpt lat="52.3681080" lon="4.9337690">
    <ele>-21.6</ele>
    <time>2024-10-10T07:05:53Z</time>
    <extensions>
     <gpxtpx:TrackPointExtension>
      <gpxtpx:atemp>9</gpxtpx:atemp>
     </gpxtpx:TrackPointExtension>
    </extensions>
   </trkpt>
   <trkpt lat="52.3681720" lon="4.9337380">
    <ele>-21.6</ele>
    <time>2024-10-10T07:05:54Z</time>
    <extensions>
     <gpxtpx:TrackPointExtension>
      <gpxtpx:atemp>9</gpxtpx:atemp>
     </gpxtpx:TrackPointExtension>
    </extensions>
   </trkpt>
   <trkpt lat="52.3682270" lon="4.9337130">
    <ele>-21.6</ele>
    <time>2024-10-10T07:05:55Z</time>
    <extensions>
     <gpxtpx:TrackPointExtension>
      <gpxtpx:atemp>9</gpxtpx:atemp>
     </gpxtpx:TrackPointExtension>
    </extensions>
   </trkpt>
   <trkpt lat="52.3682850" lon="4.9336970">
    <ele>-20.8</ele>
    <time>2024-10-10T07:05:56Z</time>
    <extensions>
     <gpxtpx:TrackPointExtension>
      <gpxtpx:atemp>9</gpxtpx:atemp>
     </gpxtpx:TrackPointExtension>
    </extensions>
   </trkpt>
   <trkpt lat="52.3683420" lon="4.9336850">
    <ele>-20.4</ele>
    <time>2024-10-10T07:05:57Z</time>
    <extensions>
     <gpxtpx:TrackPointExtension>
      <gpxtpx:atemp>9</gpxtpx:atemp>
     </gpxtpx:TrackPointExtension>
    </extensions>
   </trkpt>
   <trkpt lat="52.3683990" lon="4.9336760">
    <ele>-20.2</ele>
    <time>2024-10-10T07:05:58Z</time>
    <extensions>
     <gpxtpx:TrackPointExtension>
      <gpxtpx:atemp>9</gpxtpx:atemp>
     </gpxtpx:TrackPointExtension>
    </extensions>
   </trkpt>
   <trkpt lat="52.3684570" lon="4.9336730">
    <ele>-20.4</ele>
    <time>2024-10-10T07:05:59Z</time>
    <extensions>
     <gpxtpx:TrackPointExtension>
      <gpxtpx:atemp>9</gpxtpx:atemp>
     </gpxtpx:TrackPointExtension>
    </extensions>
   </trkpt>
   <trkpt lat="52.3685200" lon="4.9336740">
    <ele>-20.6</ele>
    <time>2024-10-10T07:06:00Z</time>
    <extensions>
     <gpxtpx:TrackPointExtension>
      <gpxtpx:atemp>9</gpxtpx:atemp>
     </gpxtpx:TrackPointExtension>
    </extensions>
   </trkpt>
   <trkpt lat="52.3685810" lon="4.9336750">
    <ele>-20.8</ele>
    <time>2024-10-10T07:06:01Z</time>
    <extensions>
     <gpxtpx:TrackPointExtension>
      <gpxtpx:atemp>9</gpxtpx:atemp>
     </gpxtpx:TrackPointExtension>
    </extensions>
   </trkpt>
   <trkpt lat="52.3686450" lon="4.9336780">
    <ele>-21.2</ele>
    <time>2024-10-10T07:06:02Z</time>
    <extensions>
     <gpxtpx:TrackPointExtension>
      <gpxtpx:atemp>9</gpxtpx:atemp>
     </gpxtpx:TrackPointExtension>
    </extensions>
   </trkpt>
   <trkpt lat="52.3687100" lon="4.9336850">
    <ele>-21.2</ele>
    <time>2024-10-10T07:06:03Z</time>
    <extensions>
     <gpxtpx:TrackPointExtension>
      <gpxtpx:atemp>9</gpxtpx:atemp>
     </gpxtpx:TrackPointExtension>
    </extensions>
   </trkpt>
   <trkpt lat="52.3687760" lon="4.9336980">
    <ele>-21.4</ele>
    <time>2024-10-10T07:06:04Z</time>
    <extensions>
     <gpxtpx:TrackPointExtension>
      <gpxtpx:atemp>9</gpxtpx:atemp>
     </gpxtpx:TrackPointExtension>
    </extensions>
   </trkpt>
   <trkpt lat="52.3688440" lon="4.9337130">
    <ele>-21.6</ele>
    <time>2024-10-10T07:06:05Z</time>
    <extensions>
     <gpxtpx:TrackPointExtension>
      <gpxtpx:atemp>9</gpxtpx:atemp>
     </gpxtpx:TrackPointExtension>
    </extensions>
   </trkpt>
   <trkpt lat="52.3689100" lon="4.9337290">
    <ele>-21.6</ele>
    <time>2024-10-10T07:06:06Z</time>
    <extensions>
     <gpxtpx:TrackPointExtension>
      <gpxtpx:atemp>9</gpxtpx:atemp>
     </gpxtpx:TrackPointExtension>
    </extensions>
   </trkpt>
   <trkpt lat="52.3689760" lon="4.9337470">
    <ele>-21.8</ele>
    <time>2024-10-10T07:06:07Z</time>
    <extensions>
     <gpxtpx:TrackPointExtension>
      <gpxtpx:atemp>9</gpxtpx:atemp>
     </gpxtpx:TrackPointExtension>
    </extensions>
   </trkpt>
   <trkpt lat="52.3690420" lon="4.9337680">
    <ele>-21.8</ele>
    <time>2024-10-10T07:06:08Z</time>
    <extensions>
     <gpxtpx:TrackPointExtension>
      <gpxtpx:atemp>9</gpxtpx:atemp>
     </gpxtpx:TrackPointExtension>
    </extensions>
   </trkpt>
   <trkpt lat="52.3691070" lon="4.9337890">
    <ele>-22.0</ele>
    <time>2024-10-10T07:06:09Z</time>
    <extensions>
     <gpxtpx:TrackPointExtension>
      <gpxtpx:atemp>9</gpxtpx:atemp>
     </gpxtpx:TrackPointExtension>
    </extensions>
   </trkpt>
   <trkpt lat="52.3691720" lon="4.9338140">
    <ele>-22.0</ele>
    <time>2024-10-10T07:06:10Z</time>
    <extensions>
     <gpxtpx:TrackPointExtension>
      <gpxtpx:atemp>9</gpxtpx:atemp>
     </gpxtpx:TrackPointExtension>
    </extensions>
   </trkpt>
   <trkpt lat="52.3692370" lon="4.9338380">
    <ele>-21.8</ele>
    <time>2024-10-10T07:06:11Z</time>
    <extensions>
     <gpxtpx:TrackPointExtension>
      <gpxtpx:atemp>9</gpxtpx:atemp>
     </gpxtpx:TrackPointExtension>
    </extensions>
   </trkpt>
   <trkpt lat="52.3693030" lon="4.9338630">
    <ele>-21.8</ele>
    <time>2024-10-10T07:06:12Z</time>
    <extensions>
     <gpxtpx:TrackPointExtension>
      <gpxtpx:atemp>9</gpxtpx:atemp>
     </gpxtpx:TrackPointExtension>
    </extensions>
   </trkpt>
   <trkpt lat="52.3693650" lon="4.9338880">
    <ele>-21.8</ele>
    <time>2024-10-10T07:06:13Z</time>
    <extensions>
     <gpxtpx:TrackPointExtension>
      <gpxtpx:atemp>9</gpxtpx:atemp>
     </gpxtpx:TrackPointExtension>
    </extensions>
   </trkpt>
   <trkpt lat="52.3694250" lon="4.9339130">
    <ele>-22.0</ele>
    <time>2024-10-10T07:06:14Z</time>
    <extensions>
     <gpxtpx:TrackPointExtension>
      <gpxtpx:atemp>9</gpxtpx:atemp>
     </gpxtpx:TrackPointExtension>
    </extensions>
   </trkpt>
   <trkpt lat="52.3694820" lon="4.9339390">
    <ele>-21.8</ele>
    <time>2024-10-10T07:06:15Z</time>
    <extensions>
     <gpxtpx:TrackPointExtension>
      <gpxtpx:atemp>9</gpxtpx:atemp>
     </gpxtpx:TrackPointExtension>
    </extensions>
   </trkpt>
   <trkpt lat="52.3695410" lon="4.9339660">
    <ele>-21.6</ele>
    <time>2024-10-10T07:06:16Z</time>
    <extensions>
     <gpxtpx:TrackPointExtension>
      <gpxtpx:atemp>9</gpxtpx:atemp>
     </gpxtpx:TrackPointExtension>
    </extensions>
   </trkpt>
   <trkpt lat="52.3696020" lon="4.9339870">
    <ele>-21.4</ele>
    <time>2024-10-10T07:06:17Z</time>
    <extensions>
     <gpxtpx:TrackPointExtension>
      <gpxtpx:atemp>9</gpxtpx:atemp>
     </gpxtpx:TrackPointExtension>
    </extensions>
   </trkpt>
   <trkpt lat="52.3696620" lon="4.9340040">
    <ele>-21.2</ele>
    <time>2024-10-10T07:06:18Z</time>
    <extensions>
     <gpxtpx:TrackPointExtension>
      <gpxtpx:atemp>9</gpxtpx:atemp>
     </gpxtpx:TrackPointExtension>
    </extensions>
   </trkpt>
   <trkpt lat="52.3697240" lon="4.9340180">
    <ele>-21.2</ele>
    <time>2024-10-10T07:06:19Z</time>
    <extensions>
     <gpxtpx:TrackPointExtension>
      <gpxtpx:atemp>9</gpxtpx:atemp>
     </gpxtpx:TrackPointExtension>
    </extensions>
   </trkpt>
   <trkpt lat="52.3697920" lon="4.9340280">
    <ele>-21.2</ele>
    <time>2024-10-10T07:06:20Z</time>
    <extensions>
     <gpxtpx:TrackPointExtension>
      <gpxtpx:atemp>9</gpxtpx:atemp>
     </gpxtpx:TrackPointExtension>
    </extensions>
   </trkpt>
   <trkpt lat="52.3698590" lon="4.9340330">
    <ele>-21.4</ele>
    <time>2024-10-10T07:06:21Z</time>
    <extensions>
     <gpxtpx:TrackPointExtension>
      <gpxtpx:atemp>9</gpxtpx:atemp>
     </gpxtpx:TrackPointExtension>
    </extensions>
   </trkpt>
   <trkpt lat="52.3699240" lon="4.9340380">
    <ele>-21.4</ele>
    <time>2024-10-10T07:06:22Z</time>
    <extensions>
     <gpxtpx:TrackPointExtension>
      <gpxtpx:atemp>9</gpxtpx:atemp>
     </gpxtpx:TrackPointExtension>
    </extensions>
   </trkpt>
   <trkpt lat="52.3699910" lon="4.9340410">
    <ele>-21.4</ele>
    <time>2024-10-10T07:06:23Z</time>
    <extensions>
     <gpxtpx:TrackPointExtension>
      <gpxtpx:atemp>9</gpxtpx:atemp>
     </gpxtpx:TrackPointExtension>
    </extensions>
   </trkpt>
   <trkpt lat="52.3700610" lon="4.9340390">
    <ele>-21.6</ele>
    <time>2024-10-10T07:06:24Z</time>
    <extensions>
     <gpxtpx:TrackPointExtension>
      <gpxtpx:atemp>9</gpxtpx:atemp>
     </gpxtpx:TrackPointExtension>
    </extensions>
   </trkpt>
   <trkpt lat="52.3701300" lon="4.9340370">
    <ele>-21.6</ele>
    <time>2024-10-10T07:06:25Z</time>
    <extensions>
     <gpxtpx:TrackPointExtension>
      <gpxtpx:atemp>9</gpxtpx:atemp>
     </gpxtpx:TrackPointExtension>
    </extensions>
   </trkpt>
   <trkpt lat="52.3701940" lon="4.9340320">
    <ele>-21.6</ele>
    <time>2024-10-10T07:06:26Z</time>
    <extensions>
     <gpxtpx:TrackPointExtension>
      <gpxtpx:atemp>9</gpxtpx:atemp>
     </gpxtpx:TrackPointExtension>
    </extensions>
   </trkpt>
   <trkpt lat="52.3702580" lon="4.9340280">
    <ele>-21.6</ele>
    <time>2024-10-10T07:06:27Z</time>
    <extensions>
     <gpxtpx:TrackPointExtension>
      <gpxtpx:atemp>9</gpxtpx:atemp>
     </gpxtpx:TrackPointExtension>
    </extensions>
   </trkpt>
   <trkpt lat="52.3703220" lon="4.9340220">
    <ele>-21.6</ele>
    <time>2024-10-10T07:06:28Z</time>
    <extensions>
     <gpxtpx:TrackPointExtension>
      <gpxtpx:atemp>9</gpxtpx:atemp>
     </gpxtpx:TrackPointExtension>
    </extensions>
   </trkpt>
   <trkpt lat="52.3703880" lon="4.9340200">
    <ele>-21.6</ele>
    <time>2024-10-10T07:06:29Z</time>
    <extensions>
     <gpxtpx:TrackPointExtension>
      <gpxtpx:atemp>9</gpxtpx:atemp>
     </gpxtpx:TrackPointExtension>
    </extensions>
   </trkpt>
   <trkpt lat="52.3704500" lon="4.9340200">
    <ele>-21.6</ele>
    <time>2024-10-10T07:06:30Z</time>
    <extensions>
     <gpxtpx:TrackPointExtension>
      <gpxtpx:atemp>9</gpxtpx:atemp>
     </gpxtpx:TrackPointExtension>
    </extensions>
   </trkpt>
   <trkpt lat="52.3705120" lon="4.9340200">
    <ele>-21.8</ele>
    <time>2024-10-10T07:06:31Z</time>
    <extensions>
     <gpxtpx:TrackPointExtension>
      <gpxtpx:atemp>9</gpxtpx:atemp>
     </gpxtpx:TrackPointExtension>
    </extensions>
   </trkpt>
   <trkpt lat="52.3705710" lon="4.9340210">
    <ele>-21.8</ele>
    <time>2024-10-10T07:06:32Z</time>
    <extensions>
     <gpxtpx:TrackPointExtension>
      <gpxtpx:atemp>9</gpxtpx:atemp>
     </gpxtpx:TrackPointExtension>
    </extensions>
   </trkpt>
   <trkpt lat="52.3706320" lon="4.9340230">
    <ele>-21.6</ele>
    <time>2024-10-10T07:06:33Z</time>
    <extensions>
     <gpxtpx:TrackPointExtension>
      <gpxtpx:atemp>9</gpxtpx:atemp>
     </gpxtpx:TrackPointExtension>
    </extensions>
   </trkpt>
   <trkpt lat="52.3706930" lon="4.9340210">
    <ele>-21.8</ele>
    <time>2024-10-10T07:06:34Z</time>
    <extensions>
     <gpxtpx:TrackPointExtension>
      <gpxtpx:atemp>9</gpxtpx:atemp>
     </gpxtpx:TrackPointExtension>
    </extensions>
   </trkpt>
   <trkpt lat="52.3707520" lon="4.9340210">
    <ele>-21.8</ele>
    <time>2024-10-10T07:06:35Z</time>
    <extensions>
     <gpxtpx:TrackPointExtension>
      <gpxtpx:atemp>9</gpxtpx:atemp>
     </gpxtpx:TrackPointExtension>
    </extensions>
   </trkpt>
   <trkpt lat="52.3708040" lon="4.9340190">
    <ele>-21.6</ele>
    <time>2024-10-10T07:06:36Z</time>
    <extensions>
     <gpxtpx:TrackPointExtension>
      <gpxtpx:atemp>9</gpxtpx:atemp>
     </gpxtpx:TrackPointExtension>
    </extensions>
   </trkpt>
   <trkpt lat="52.3708500" lon="4.9340180">
    <ele>-21.4</ele>
    <time>2024-10-10T07:06:37Z</time>
    <extensions>
     <gpxtpx:TrackPointExtension>
      <gpxtpx:atemp>9</gpxtpx:atemp>
     </gpxtpx:TrackPointExtension>
    </extensions>
   </trkpt>
   <trkpt lat="52.3708860" lon="4.9340250">
    <ele>-21.0</ele>
    <time>2024-10-10T07:06:38Z</time>
    <extensions>
     <gpxtpx:TrackPointExtension>
      <gpxtpx:atemp>9</gpxtpx:atemp>
     </gpxtpx:TrackPointExtension>
    </extensions>
   </trkpt>
   <trkpt lat="52.3709150" lon="4.9340390">
    <ele>-20.8</ele>
    <time>2024-10-10T07:06:39Z</time>
    <extensions>
     <gpxtpx:TrackPointExtension>
      <gpxtpx:atemp>9</gpxtpx:atemp>
     </gpxtpx:TrackPointExtension>
    </extensions>
   </trkpt>
   <trkpt lat="52.3709400" lon="4.9340630">
    <ele>-20.6</ele>
    <time>2024-10-10T07:06:40Z</time>
    <extensions>
     <gpxtpx:TrackPointExtension>
      <gpxtpx:atemp>9</gpxtpx:atemp>
     </gpxtpx:TrackPointExtension>
    </extensions>
   </trkpt>
   <trkpt lat="52.3709600" lon="4.9341040">
    <ele>-20.6</ele>
    <time>2024-10-10T07:06:41Z</time>
    <extensions>
     <gpxtpx:TrackPointExtension>
      <gpxtpx:atemp>9</gpxtpx:atemp>
     </gpxtpx:TrackPointExtension>
    </extensions>
   </trkpt>
   <trkpt lat="52.3709690" lon="4.9341610">
    <ele>-20.4</ele>
    <time>2024-10-10T07:06:42Z</time>
    <extensions>
     <gpxtpx:TrackPointExtension>
      <gpxtpx:atemp>9</gpxtpx:atemp>
     </gpxtpx:TrackPointExtension>
    </extensions>
   </trkpt>
   <trkpt lat="52.3709710" lon="4.9342280">
    <ele>-20.2</ele>
    <time>2024-10-10T07:06:43Z</time>
    <extensions>
     <gpxtpx:TrackPointExtension>
      <gpxtpx:atemp>9</gpxtpx:atemp>
     </gpxtpx:TrackPointExtension>
    </extensions>
   </trkpt>
   <trkpt lat="52.3709690" lon="4.9342920">
    <ele>-20.2</ele>
    <time>2024-10-10T07:06:44Z</time>
    <extensions>
     <gpxtpx:TrackPointExtension>
      <gpxtpx:atemp>9</gpxtpx:atemp>
     </gpxtpx:TrackPointExtension>
    </extensions>
   </trkpt>
   <trkpt lat="52.3709750" lon="4.9343540">
    <ele>-20.0</ele>
    <time>2024-10-10T07:06:45Z</time>
    <extensions>
     <gpxtpx:TrackPointExtension>
      <gpxtpx:atemp>9</gpxtpx:atemp>
     </gpxtpx:TrackPointExtension>
    </extensions>
   </trkpt>
   <trkpt lat="52.3709880" lon="4.9344040">
    <ele>-20.0</ele>
    <time>2024-10-10T07:06:46Z</time>
    <extensions>
     <gpxtpx:TrackPointExtension>
      <gpxtpx:atemp>9</gpxtpx:atemp>
     </gpxtpx:TrackPointExtension>
    </extensions>
   </trkpt>
   <trkpt lat="52.3710040" lon="4.9344340">
    <ele>-20.0</ele>
    <time>2024-10-10T07:06:47Z</time>
    <extensions>
     <gpxtpx:TrackPointExtension>
      <gpxtpx:atemp>9</gpxtpx:atemp>
     </gpxtpx:TrackPointExtension>
    </extensions>
   </trkpt>
   <trkpt lat="52.3710220" lon="4.9344430">
    <ele>-20.0</ele>
    <time>2024-10-10T07:06:48Z</time>
    <extensions>
     <gpxtpx:TrackPointExtension>
      <gpxtpx:atemp>9</gpxtpx:atemp>
     </gpxtpx:TrackPointExtension>
    </extensions>
   </trkpt>
   <trkpt lat="52.3710600" lon="4.9344420">
    <ele>-20.2</ele>
    <time>2024-10-10T07:06:53Z</time>
    <extensions>
     <gpxtpx:TrackPointExtension>
      <gpxtpx:atemp>9</gpxtpx:atemp>
     </gpxtpx:TrackPointExtension>
    </extensions>
   </trkpt>
   <trkpt lat="52.3710870" lon="4.9344380">
    <ele>-20.2</ele>
    <time>2024-10-10T07:06:54Z</time>
    <extensions>
     <gpxtpx:TrackPointExtension>
      <gpxtpx:atemp>9</gpxtpx:atemp>
     </gpxtpx:TrackPointExtension>
    </extensions>
   </trkpt>
   <trkpt lat="52.3711160" lon="4.9344260">
    <ele>-20.4</ele>
    <time>2024-10-10T07:06:55Z</time>
    <extensions>
     <gpxtpx:TrackPointExtension>
      <gpxtpx:atemp>9</gpxtpx:atemp>
     </gpxtpx:TrackPointExtension>
    </extensions>
   </trkpt>
   <trkpt lat="52.3711520" lon="4.9344140">
    <ele>-20.6</ele>
    <time>2024-10-10T07:06:56Z</time>
    <extensions>
     <gpxtpx:TrackPointExtension>
      <gpxtpx:atemp>9</gpxtpx:atemp>
     </gpxtpx:TrackPointExtension>
    </extensions>
   </trkpt>
   <trkpt lat="52.3711930" lon="4.9344060">
    <ele>-20.6</ele>
    <time>2024-10-10T07:06:57Z</time>
    <extensions>
     <gpxtpx:TrackPointExtension>
      <gpxtpx:atemp>9</gpxtpx:atemp>
     </gpxtpx:TrackPointExtension>
    </extensions>
   </trkpt>
   <trkpt lat="52.3712400" lon="4.9343990">
    <ele>-20.8</ele>
    <time>2024-10-10T07:06:58Z</time>
    <extensions>
     <gpxtpx:TrackPointExtension>
      <gpxtpx:atemp>9</gpxtpx:atemp>
     </gpxtpx:TrackPointExtension>
    </extensions>
   </trkpt>
   <trkpt lat="52.3712920" lon="4.9343910">
    <ele>-21.0</ele>
    <time>2024-10-10T07:06:59Z</time>
    <extensions>
     <gpxtpx:TrackPointExtension>
      <gpxtpx:atemp>9</gpxtpx:atemp>
     </gpxtpx:TrackPointExtension>
    </extensions>
   </trkpt>
   <trkpt lat="52.3713430" lon="4.9343850">
    <ele>-21.4</ele>
    <time>2024-10-10T07:07:00Z</time>
    <extensions>
     <gpxtpx:TrackPointExtension>
      <gpxtpx:atemp>9</gpxtpx:atemp>
     </gpxtpx:TrackPointExtension>
    </extensions>
   </trkpt>
   <trkpt lat="52.3713960" lon="4.9343780">
    <ele>-21.6</ele>
    <time>2024-10-10T07:07:01Z</time>
    <extensions>
     <gpxtpx:TrackPointExtension>
      <gpxtpx:atemp>9</gpxtpx:atemp>
     </gpxtpx:TrackPointExtension>
    </extensions>
   </trkpt>
   <trkpt lat="52.3714500" lon="4.9343720">
    <ele>-21.8</ele>
    <time>2024-10-10T07:07:02Z</time>
    <extensions>
     <gpxtpx:TrackPointExtension>
      <gpxtpx:atemp>9</gpxtpx:atemp>
     </gpxtpx:TrackPointExtension>
    </extensions>
   </trkpt>
   <trkpt lat="52.3715030" lon="4.9343620">
    <ele>-21.8</ele>
    <time>2024-10-10T07:07:03Z</time>
    <extensions>
     <gpxtpx:TrackPointExtension>
      <gpxtpx:atemp>9</gpxtpx:atemp>
     </gpxtpx:TrackPointExtension>
    </extensions>
   </trkpt>
   <trkpt lat="52.3715570" lon="4.9343540">
    <ele>-21.8</ele>
    <time>2024-10-10T07:07:04Z</time>
    <extensions>
     <gpxtpx:TrackPointExtension>
      <gpxtpx:atemp>9</gpxtpx:atemp>
     </gpxtpx:TrackPointExtension>
    </extensions>
   </trkpt>
   <trkpt lat="52.3716130" lon="4.9343440">
    <ele>-21.8</ele>
    <time>2024-10-10T07:07:05Z</time>
    <extensions>
     <gpxtpx:TrackPointExtension>
      <gpxtpx:atemp>9</gpxtpx:atemp>
     </gpxtpx:TrackPointExtension>
    </extensions>
   </trkpt>
   <trkpt lat="52.3716680" lon="4.9343310">
    <ele>-21.8</ele>
    <time>2024-10-10T07:07:06Z</time>
    <extensions>
     <gpxtpx:TrackPointExtension>
      <gpxtpx:atemp>9</gpxtpx:atemp>
     </gpxtpx:TrackPointExtension>
    </extensions>
   </trkpt>
   <trkpt lat="52.3717230" lon="4.9343180">
    <ele>-21.6</ele>
    <time>2024-10-10T07:07:07Z</time>
    <extensions>
     <gpxtpx:TrackPointExtension>
      <gpxtpx:atemp>9</gpxtpx:atemp>
     </gpxtpx:TrackPointExtension>
    </extensions>
   </trkpt>
   <trkpt lat="52.3717820" lon="4.9343010">
    <ele>-21.6</ele>
    <time>2024-10-10T07:07:08Z</time>
    <extensions>
     <gpxtpx:TrackPointExtension>
      <gpxtpx:atemp>9</gpxtpx:atemp>
     </gpxtpx:TrackPointExtension>
    </extensions>
   </trkpt>
   <trkpt lat="52.3718410" lon="4.9342830">
    <ele>-21.4</ele>
    <time>2024-10-10T07:07:09Z</time>
    <extensions>
     <gpxtpx:TrackPointExtension>
      <gpxtpx:atemp>9</gpxtpx:atemp>
     </gpxtpx:TrackPointExtension>
    </extensions>
   </trkpt>
   <trkpt lat="52.3719000" lon="4.9342660">
    <ele>-21.2</ele>
    <time>2024-10-10T07:07:10Z</time>
    <extensions>
     <gpxtpx:TrackPointExtension>
      <gpxtpx:atemp>9</gpxtpx:atemp>
     </gpxtpx:TrackPointExtension>
    </extensions>
   </trkpt>
   <trkpt lat="52.3719540" lon="4.9342480">
    <ele>-21.2</ele>
    <time>2024-10-10T07:07:11Z</time>
    <extensions>
     <gpxtpx:TrackPointExtension>
      <gpxtpx:atemp>9</gpxtpx:atemp>
     </gpxtpx:TrackPointExtension>
    </extensions>
   </trkpt>
   <trkpt lat="52.3720090" lon="4.9342300">
    <ele>-21.4</ele>
    <time>2024-10-10T07:07:12Z</time>
    <extensions>
     <gpxtpx:TrackPointExtension>
      <gpxtpx:atemp>9</gpxtpx:atemp>
     </gpxtpx:TrackPointExtension>
    </extensions>
   </trkpt>
   <trkpt lat="52.3720580" lon="4.9342100">
    <ele>-21.4</ele>
    <time>2024-10-10T07:07:13Z</time>
    <extensions>
     <gpxtpx:TrackPointExtension>
      <gpxtpx:atemp>9</gpxtpx:atemp>
     </gpxtpx:TrackPointExtension>
    </extensions>
   </trkpt>
   <trkpt lat="52.3721060" lon="4.9341890">
    <ele>-21.2</ele>
    <time>2024-10-10T07:07:14Z</time>
    <extensions>
     <gpxtpx:TrackPointExtension>
      <gpxtpx:atemp>9</gpxtpx:atemp>
     </gpxtpx:TrackPointExtension>
    </extensions>
   </trkpt>
   <trkpt lat="52.3721490" lon="4.9341680">
    <ele>-21.2</ele>
    <time>2024-10-10T07:07:15Z</time>
    <extensions>
     <gpxtpx:TrackPointExtension>
      <gpxtpx:atemp>9</gpxtpx:atemp>
     </gpxtpx:TrackPointExtension>
    </extensions>
   </trkpt>
   <trkpt lat="52.3721920" lon="4.9341480">
    <ele>-21.2</ele>
    <time>2024-10-10T07:07:16Z</time>
    <extensions>
     <gpxtpx:TrackPointExtension>
      <gpxtpx:atemp>9</gpxtpx:atemp>
     </gpxtpx:TrackPointExtension>
    </extensions>
   </trkpt>
   <trkpt lat="52.3722290" lon="4.9341280">
    <ele>-21.0</ele>
    <time>2024-10-10T07:07:17Z</time>
    <extensions>
     <gpxtpx:TrackPointExtension>
      <gpxtpx:atemp>9</gpxtpx:atemp>
     </gpxtpx:TrackPointExtension>
    </extensions>
   </trkpt>
   <trkpt lat="52.3722610" lon="4.9341110">
    <ele>-21.0</ele>
    <time>2024-10-10T07:07:18Z</time>
    <extensions>
     <gpxtpx:TrackPointExtension>
      <gpxtpx:atemp>9</gpxtpx:atemp>
     </gpxtpx:TrackPointExtension>
    </extensions>
   </trkpt>
   <trkpt lat="52.3722850" lon="4.9340970">
    <ele>-20.8</ele>
    <time>2024-10-10T07:07:19Z</time>
    <extensions>
     <gpxtpx:TrackPointExtension>
      <gpxtpx:atemp>9</gpxtpx:atemp>
     </gpxtpx:TrackPointExtension>
    </extensions>
   </trkpt>
   <trkpt lat="52.3723050" lon="4.9340850">
    <ele>-20.6</ele>
    <time>2024-10-10T07:07:20Z</time>
    <extensions>
     <gpxtpx:TrackPointExtension>
      <gpxtpx:atemp>9</gpxtpx:atemp>
     </gpxtpx:TrackPointExtension>
    </extensions>
   </trkpt>
   <trkpt lat="52.3723230" lon="4.9340750">
    <ele>-20.6</ele>
    <time>2024-10-10T07:07:21Z</time>
    <extensions>
     <gpxtpx:TrackPointExtension>
      <gpxtpx:atemp>9</gpxtpx:atemp>
     </gpxtpx:TrackPointExtension>
    </extensions>
   </trkpt>
   <trkpt lat="52.3723350" lon="4.9340710">
    <ele>-20.4</ele>
    <time>2024-10-10T07:07:22Z</time>
    <extensions>
     <gpxtpx:TrackPointExtension>
      <gpxtpx:atemp>9</gpxtpx:atemp>
     </gpxtpx:TrackPointExtension>
    </extensions>
   </trkpt>
   <trkpt lat="52.3723390" lon="4.9340690">
    <ele>-20.4</ele>
    <time>2024-10-10T07:07:23Z</time>
    <extensions>
     <gpxtpx:TrackPointExtension>
      <gpxtpx:atemp>9</gpxtpx:atemp>
     </gpxtpx:TrackPointExtension>
    </extensions>
   </trkpt>
   <trkpt lat="52.3723410" lon="4.9340670">
    <ele>-20.2</ele>
    <time>2024-10-10T07:07:24Z</time>
    <extensions>
     <gpxtpx:TrackPointExtension>
      <gpxtpx:atemp>9</gpxtpx:atemp>
     </gpxtpx:TrackPointExtension>
    </extensions>
   </trkpt>
   <trkpt lat="52.3723410" lon="4.9340670">
    <ele>-20.2</ele>
    <time>2024-10-10T07:07:25Z</time>
    <extensions>
     <gpxtpx:TrackPointExtension>
      <gpxtpx:atemp>9</gpxtpx:atemp>
     </gpxtpx:TrackPointExtension>
    </extensions>
   </trkpt>
   <trkpt lat="52.3723410" lon="4.9340670">
    <ele>-20.0</ele>
    <time>2024-10-10T07:07:26Z</time>
    <extensions>
     <gpxtpx:TrackPointExtension>
      <gpxtpx:atemp>9</gpxtpx:atemp>
     </gpxtpx:TrackPointExtension>
    </extensions>
   </trkpt>
   <trkpt lat="52.3723410" lon="4.9340670">
    <ele>-19.8</ele>
    <time>2024-10-10T07:08:04Z</time>
    <extensions>
     <gpxtpx:TrackPointExtension>
      <gpxtpx:atemp>9</gpxtpx:atemp>
     </gpxtpx:TrackPointExtension>
    </extensions>
   </trkpt>
   <trkpt lat="52.3723490" lon="4.9340580">
    <ele>-19.8</ele>
    <time>2024-10-10T07:08:05Z</time>
    <extensions>
     <gpxtpx:TrackPointExtension>
      <gpxtpx:atemp>9</gpxtpx:atemp>
     </gpxtpx:TrackPointExtension>
    </extensions>
   </trkpt>
   <trkpt lat="52.3723760" lon="4.9340310">
    <ele>-19.8</ele>
    <time>2024-10-10T07:08:06Z</time>
    <extensions>
     <gpxtpx:TrackPointExtension>
      <gpxtpx:atemp>9</gpxtpx:atemp>
     </gpxtpx:TrackPointExtension>
    </extensions>
   </trkpt>
   <trkpt lat="52.3724050" lon="4.9340070">
    <ele>-19.8</ele>
    <time>2024-10-10T07:08:07Z</time>
    <extensions>
     <gpxtpx:TrackPointExtension>
      <gpxtpx:atemp>9</gpxtpx:atemp>
     </gpxtpx:TrackPointExtension>
    </extensions>
   </trkpt>
   <trkpt lat="52.3724390" lon="4.9339790">
    <ele>-20.0</ele>
    <time>2024-10-10T07:08:08Z</time>
    <extensions>
     <gpxtpx:TrackPointExtension>
      <gpxtpx:atemp>9</gpxtpx:atemp>
     </gpxtpx:TrackPointExtension>
    </extensions>
   </trkpt>
   <trkpt lat="52.3724800" lon="4.9339490">
    <ele>-20.0</ele>
    <time>2024-10-10T07:08:09Z</time>
    <extensions>
     <gpxtpx:TrackPointExtension>
      <gpxtpx:atemp>9</gpxtpx:atemp>
     </gpxtpx:TrackPointExtension>
    </extensions>
   </trkpt>
   <trkpt lat="52.3725240" lon="4.9339180">
    <ele>-20.4</ele>
    <time>2024-10-10T07:08:10Z</time>
    <extensions>
     <gpxtpx:TrackPointExtension>
      <gpxtpx:atemp>9</gpxtpx:atemp>
     </gpxtpx:TrackPointExtension>
    </extensions>
   </trkpt>
   <trkpt lat="52.3725700" lon="4.9338790">
    <ele>-20.8</ele>
    <time>2024-10-10T07:08:11Z</time>
    <extensions>
     <gpxtpx:TrackPointExtension>
      <gpxtpx:atemp>9</gpxtpx:atemp>
     </gpxtpx:TrackPointExtension>
    </extensions>
   </trkpt>
   <trkpt lat="52.3726220" lon="4.9338290">
    <ele>-21.0</ele>
    <time>2024-10-10T07:08:12Z</time>
    <extensions>
     <gpxtpx:TrackPointExtension>
      <gpxtpx:atemp>9</gpxtpx:atemp>
     </gpxtpx:TrackPointExtension>
    </extensions>
   </trkpt>
   <trkpt lat="52.3726760" lon="4.9337720">
    <ele>-21.0</ele>
    <time>2024-10-10T07:08:13Z</time>
    <extensions>
     <gpxtpx:TrackPointExtension>
      <gpxtpx:atemp>9</gpxtpx:atemp>
     </gpxtpx:TrackPointExtension>
    </extensions>
   </trkpt>
   <trkpt lat="52.3727280" lon="4.9337150">
    <ele>-21.2</ele>
    <time>2024-10-10T07:08:14Z</time>
    <extensions>
     <gpxtpx:TrackPointExtension>
      <gpxtpx:atemp>9</gpxtpx:atemp>
     </gpxtpx:TrackPointExtension>
    </extensions>
   </trkpt>
   <trkpt lat="52.3727810" lon="4.9336570">
    <ele>-21.2</ele>
    <time>2024-10-10T07:08:15Z</time>
    <extensions>
     <gpxtpx:TrackPointExtension>
      <gpxtpx:atemp>9</gpxtpx:atemp>
     </gpxtpx:TrackPointExtension>
    </extensions>
   </trkpt>
   <trkpt lat="52.3728350" lon="4.9335980">
    <ele>-21.4</ele>
    <time>2024-10-10T07:08:16Z</time>
    <extensions>
     <gpxtpx:TrackPointExtension>
      <gpxtpx:atemp>9</gpxtpx:atemp>
     </gpxtpx:TrackPointExtension>
    </extensions>
   </trkpt>
   <trkpt lat="52.3728920" lon="4.9335410">
    <ele>-21.4</ele>
    <time>2024-10-10T07:08:17Z</time>
    <extensions>
     <gpxtpx:TrackPointExtension>
      <gpxtpx:atemp>9</gpxtpx:atemp>
     </gpxtpx:TrackPointExtension>
    </extensions>
   </trkpt>
   <trkpt lat="52.3729440" lon="4.9334860">
    <ele>-21.4</ele>
    <time>2024-10-10T07:08:18Z</time>
    <extensions>
     <gpxtpx:TrackPointExtension>
      <gpxtpx:atemp>9</gpxtpx:atemp>
     </gpxtpx:TrackPointExtension>
    </extensions>
   </trkpt>
   <trkpt lat="52.3730020" lon="4.9334290">
    <ele>-21.4</ele>
    <time>2024-10-10T07:08:19Z</time>
    <extensions>
     <gpxtpx:TrackPointExtension>
      <gpxtpx:atemp>9</gpxtpx:atemp>
     </gpxtpx:TrackPointExtension>
    </extensions>
   </trkpt>
   <trkpt lat="52.3730590" lon="4.9333700">
    <ele>-21.4</ele>
    <time>2024-10-10T07:08:20Z</time>
    <extensions>
     <gpxtpx:TrackPointExtension>
      <gpxtpx:atemp>9</gpxtpx:atemp>
     </gpxtpx:TrackPointExtension>
    </extensions>
   </trkpt>
   <trkpt lat="52.3731130" lon="4.9333110">
    <ele>-21.2</ele>
    <time>2024-10-10T07:08:21Z</time>
    <extensions>
     <gpxtpx:TrackPointExtension>
      <gpxtpx:atemp>9</gpxtpx:atemp>
     </gpxtpx:TrackPointExtension>
    </extensions>
   </trkpt>
   <trkpt lat="52.3731670" lon="4.9332500">
    <ele>-21.0</ele>
    <time>2024-10-10T07:08:22Z</time>
    <extensions>
     <gpxtpx:TrackPointExtension>
      <gpxtpx:atemp>9</gpxtpx:atemp>
     </gpxtpx:TrackPointExtension>
    </extensions>
   </trkpt>
   <trkpt lat="52.3732230" lon="4.9331870">
    <ele>-21.0</ele>
    <time>2024-10-10T07:08:23Z</time>
    <extensions>
     <gpxtpx:TrackPointExtension>
      <gpxtpx:atemp>9</gpxtpx:atemp>
     </gpxtpx:TrackPointExtension>
    </extensions>
   </trkpt>
   <trkpt lat="52.3732760" lon="4.9331220">
    <ele>-20.8</ele>
    <time>2024-10-10T07:08:24Z</time>
    <extensions>
     <gpxtpx:TrackPointExtension>
      <gpxtpx:atemp>9</gpxtpx:atemp>
     </gpxtpx:TrackPointExtension>
    </extensions>
   </trkpt>
   <trkpt lat="52.3733260" lon="4.9330570">
    <ele>-21.0</ele>
    <time>2024-10-10T07:08:25Z</time>
    <extensions>
     <gpxtpx:TrackPointExtension>
      <gpxtpx:atemp>9</gpxtpx:atemp>
     </gpxtpx:TrackPointExtension>
    </extensions>
   </trkpt>
   <trkpt lat="52.3733780" lon="4.9329900">
    <ele>-21.0</ele>
    <time>2024-10-10T07:08:26Z</time>
    <extensions>
     <gpxtpx:TrackPointExtension>
      <gpxtpx:atemp>9</gpxtpx:atemp>
     </gpxtpx:TrackPointExtension>
    </extensions>
   </trkpt>
   <trkpt lat="52.3734260" lon="4.9329210">
    <ele>-21.2</ele>
    <time>2024-10-10T07:08:27Z</time>
    <extensions>
     <gpxtpx:TrackPointExtension>
      <gpxtpx:atemp>9</gpxtpx:atemp>
     </gpxtpx:TrackPointExtension>
    </extensions>
   </trkpt>
   <trkpt lat="52.3734720" lon="4.9328520">
    <ele>-21.2</ele>
    <time>2024-10-10T07:08:28Z</time>
    <extensions>
     <gpxtpx:TrackPointExtension>
      <gpxtpx:atemp>9</gpxtpx:atemp>
     </gpxtpx:TrackPointExtension>
    </extensions>
   </trkpt>
   <trkpt lat="52.3735180" lon="4.9327850">
    <ele>-21.0</ele>
    <time>2024-10-10T07:08:29Z</time>
    <extensions>
     <gpxtpx:TrackPointExtension>
      <gpxtpx:atemp>9</gpxtpx:atemp>
     </gpxtpx:TrackPointExtension>
    </extensions>
   </trkpt>
   <trkpt lat="52.3735640" lon="4.9327150">
    <ele>-21.0</ele>
    <time>2024-10-10T07:08:30Z</time>
    <extensions>
     <gpxtpx:TrackPointExtension>
      <gpxtpx:atemp>9</gpxtpx:atemp>
     </gpxtpx:TrackPointExtension>
    </extensions>
   </trkpt>
   <trkpt lat="52.3736090" lon="4.9326440">
    <ele>-21.2</ele>
    <time>2024-10-10T07:08:31Z</time>
    <extensions>
     <gpxtpx:TrackPointExtension>
      <gpxtpx:atemp>9</gpxtpx:atemp>
     </gpxtpx:TrackPointExtension>
    </extensions>
   </trkpt>
   <trkpt lat="52.3736480" lon="4.9325730">
    <ele>-21.4</ele>
    <time>2024-10-10T07:08:32Z</time>
    <extensions>
     <gpxtpx:TrackPointExtension>
      <gpxtpx:atemp>9</gpxtpx:atemp>
     </gpxtpx:TrackPointExtension>
    </extensions>
   </trkpt>
   <trkpt lat="52.3736840" lon="4.9324990">
    <ele>-21.2</ele>
    <time>2024-10-10T07:08:33Z</time>
    <extensions>
     <gpxtpx:TrackPointExtension>
      <gpxtpx:atemp>9</gpxtpx:atemp>
     </gpxtpx:TrackPointExtension>
    </extensions>
   </trkpt>
   <trkpt lat="52.3737240" lon="4.9324280">
    <ele>-21.4</ele>
    <time>2024-10-10T07:08:34Z</time>
    <extensions>
     <gpxtpx:TrackPointExtension>
      <gpxtpx:atemp>9</gpxtpx:atemp>
     </gpxtpx:TrackPointExtension>
    </extensions>
   </trkpt>
   <trkpt lat="52.3737650" lon="4.9323580">
    <ele>-21.6</ele>
    <time>2024-10-10T07:08:35Z</time>
    <extensions>
     <gpxtpx:TrackPointExtension>
      <gpxtpx:atemp>9</gpxtpx:atemp>
     </gpxtpx:TrackPointExtension>
    </extensions>
   </trkpt>
   <trkpt lat="52.3738070" lon="4.9322860">
    <ele>-21.6</ele>
    <time>2024-10-10T07:08:36Z</time>
    <extensions>
     <gpxtpx:TrackPointExtension>
      <gpxtpx:atemp>9</gpxtpx:atemp>
     </gpxtpx:TrackPointExtension>
    </extensions>
   </trkpt>
   <trkpt lat="52.3738480" lon="4.9322140">
    <ele>-21.6</ele>
    <time>2024-10-10T07:08:37Z</time>
    <extensions>
     <gpxtpx:TrackPointExtension>
      <gpxtpx:atemp>9</gpxtpx:atemp>
     </gpxtpx:TrackPointExtension>
    </extensions>
   </trkpt>
   <trkpt lat="52.3738860" lon="4.9321420">
    <ele>-21.6</ele>
    <time>2024-10-10T07:08:38Z</time>
    <extensions>
     <gpxtpx:TrackPointExtension>
      <gpxtpx:atemp>9</gpxtpx:atemp>
     </gpxtpx:TrackPointExtension>
    </extensions>
   </trkpt>
   <trkpt lat="52.3739220" lon="4.9320730">
    <ele>-21.6</ele>
    <time>2024-10-10T07:08:39Z</time>
    <extensions>
     <gpxtpx:TrackPointExtension>
      <gpxtpx:atemp>9</gpxtpx:atemp>
     </gpxtpx:TrackPointExtension>
    </extensions>
   </trkpt>
   <trkpt lat="52.3739590" lon="4.9319990">
    <ele>-21.6</ele>
    <time>2024-10-10T07:08:40Z</time>
    <extensions>
     <gpxtpx:TrackPointExtension>
      <gpxtpx:atemp>9</gpxtpx:atemp>
     </gpxtpx:TrackPointExtension>
    </extensions>
   </trkpt>
   <trkpt lat="52.3739890" lon="4.9319230">
    <ele>-21.8</ele>
    <time>2024-10-10T07:08:41Z</time>
    <extensions>
     <gpxtpx:TrackPointExtension>
      <gpxtpx:atemp>9</gpxtpx:atemp>
     </gpxtpx:TrackPointExtension>
    </extensions>
   </trkpt>
   <trkpt lat="52.3740210" lon="4.9318380">
    <ele>-21.8</ele>
    <time>2024-10-10T07:08:42Z</time>
    <extensions>
     <gpxtpx:TrackPointExtension>
      <gpxtpx:atemp>9</gpxtpx:atemp>
     </gpxtpx:TrackPointExtension>
    </extensions>
   </trkpt>
   <trkpt lat="52.3740530" lon="4.9317660">
    <ele>-21.8</ele>
    <time>2024-10-10T07:08:43Z</time>
    <extensions>
     <gpxtpx:TrackPointExtension>
      <gpxtpx:atemp>9</gpxtpx:atemp>
     </gpxtpx:TrackPointExtension>
    </extensions>
   </trkpt>
   <trkpt lat="52.3740880" lon="4.9317040">
    <ele>-21.6</ele>
    <time>2024-10-10T07:08:44Z</time>
    <extensions>
     <gpxtpx:TrackPointExtension>
      <gpxtpx:atemp>9</gpxtpx:atemp>
     </gpxtpx:TrackPointExtension>
    </extensions>
   </trkpt>
   <trkpt lat="52.3741220" lon="4.9316400">
    <ele>-21.6</ele>
    <time>2024-10-10T07:08:45Z</time>
    <extensions>
     <gpxtpx:TrackPointExtension>
      <gpxtpx:atemp>9</gpxtpx:atemp>
     </gpxtpx:TrackPointExtension>
    </extensions>
   </trkpt>
   <trkpt lat="52.3741560" lon="4.9315680">
    <ele>-21.6</ele>
    <time>2024-10-10T07:08:46Z</time>
    <extensions>
     <gpxtpx:TrackPointExtension>
      <gpxtpx:atemp>9</gpxtpx:atemp>
     </gpxtpx:TrackPointExtension>
    </extensions>
   </trkpt>
   <trkpt lat="52.3741900" lon="4.9314960">
    <ele>-22.0</ele>
    <time>2024-10-10T07:08:47Z</time>
    <extensions>
     <gpxtpx:TrackPointExtension>
      <gpxtpx:atemp>9</gpxtpx:atemp>
     </gpxtpx:TrackPointExtension>
    </extensions>
   </trkpt>
   <trkpt lat="52.3742230" lon="4.9314250">
    <ele>-22.0</ele>
    <time>2024-10-10T07:08:48Z</time>
    <extensions>
     <gpxtpx:TrackPointExtension>
      <gpxtpx:atemp>9</gpxtpx:atemp>
     </gpxtpx:TrackPointExtension>
    </extensions>
   </trkpt>
   <trkpt lat="52.3742550" lon="4.9313550">
    <ele>-22.0</ele>
    <time>2024-10-10T07:08:49Z</time>
    <extensions>
     <gpxtpx:TrackPointExtension>
      <gpxtpx:atemp>9</gpxtpx:atemp>
     </gpxtpx:TrackPointExtension>
    </extensions>
   </trkpt>
   <trkpt lat="52.3742900" lon="4.9312840">
    <ele>-22.0</ele>
    <time>2024-10-10T07:08:50Z</time>
    <extensions>
     <gpxtpx:TrackPointExtension>
      <gpxtpx:atemp>9</gpxtpx:atemp>
     </gpxtpx:TrackPointExtension>
    </extensions>
   </trkpt>
   <trkpt lat="52.3743250" lon="4.9312070">
    <ele>-22.0</ele>
    <time>2024-10-10T07:08:51Z</time>
    <extensions>
     <gpxtpx:TrackPointExtension>
      <gpxtpx:atemp>9</gpxtpx:atemp>
     </gpxtpx:TrackPointExtension>
    </extensions>
   </trkpt>
   <trkpt lat="52.3743640" lon="4.9311230">
    <ele>-22.2</ele>
    <time>2024-10-10T07:08:52Z</time>
    <extensions>
     <gpxtpx:TrackPointExtension>
      <gpxtpx:atemp>9</gpxtpx:atemp>
     </gpxtpx:TrackPointExtension>
    </extensions>
   </trkpt>
   <trkpt lat="52.3744050" lon="4.9310370">
    <ele>-22.2</ele>
    <time>2024-10-10T07:08:53Z</time>
    <extensions>
     <gpxtpx:TrackPointExtension>
      <gpxtpx:atemp>9</gpxtpx:atemp>
     </gpxtpx:TrackPointExtension>
    </extensions>
   </trkpt>
   <trkpt lat="52.3744430" lon="4.9309610">
    <ele>-22.4</ele>
    <time>2024-10-10T07:08:54Z</time>
    <extensions>
     <gpxtpx:TrackPointExtension>
      <gpxtpx:atemp>9</gpxtpx:atemp>
     </gpxtpx:TrackPointExtension>
    </extensions>
   </trkpt>
   <trkpt lat="52.3744800" lon="4.9308920">
    <ele>-22.2</ele>
    <time>2024-10-10T07:08:55Z</time>
    <extensions>
     <gpxtpx:TrackPointExtension>
      <gpxtpx:atemp>9</gpxtpx:atemp>
     </gpxtpx:TrackPointExtension>
    </extensions>
   </trkpt>
   <trkpt lat="52.3745150" lon="4.9308160">
    <ele>-22.0</ele>
    <time>2024-10-10T07:08:56Z</time>
    <extensions>
     <gpxtpx:TrackPointExtension>
      <gpxtpx:atemp>9</gpxtpx:atemp>
     </gpxtpx:TrackPointExtension>
    </extensions>
   </trkpt>
   <trkpt lat="52.3745500" lon="4.9307390">
    <ele>-21.8</ele>
    <time>2024-10-10T07:08:57Z</time>
    <extensions>
     <gpxtpx:TrackPointExtension>
      <gpxtpx:atemp>9</gpxtpx:atemp>
     </gpxtpx:TrackPointExtension>
    </extensions>
   </trkpt>
   <trkpt lat="52.3745930" lon="4.9306500">
    <ele>-21.6</ele>
    <time>2024-10-10T07:08:58Z</time>
    <extensions>
     <gpxtpx:TrackPointExtension>
      <gpxtpx:atemp>9</gpxtpx:atemp>
     </gpxtpx:TrackPointExtension>
    </extensions>
   </trkpt>
   <trkpt lat="52.3746410" lon="4.9305350">
    <ele>-21.6</ele>
    <time>2024-10-10T07:08:59Z</time>
    <extensions>
     <gpxtpx:TrackPointExtension>
      <gpxtpx:atemp>9</gpxtpx:atemp>
     </gpxtpx:TrackPointExtension>
    </extensions>
   </trkpt>
   <trkpt lat="52.3746780" lon="4.9304250">
    <ele>-21.6</ele>
    <time>2024-10-10T07:09:00Z</time>
    <extensions>
     <gpxtpx:TrackPointExtension>
      <gpxtpx:atemp>9</gpxtpx:atemp>
     </gpxtpx:TrackPointExtension>
    </extensions>
   </trkpt>
   <trkpt lat="52.3747130" lon="4.9303230">
    <ele>-21.6</ele>
    <time>2024-10-10T07:09:01Z</time>
    <extensions>
     <gpxtpx:TrackPointExtension>
      <gpxtpx:atemp>9</gpxtpx:atemp>
     </gpxtpx:TrackPointExtension>
    </extensions>
   </trkpt>
   <trkpt lat="52.3747470" lon="4.9302260">
    <ele>-21.6</ele>
    <time>2024-10-10T07:09:02Z</time>
    <extensions>
     <gpxtpx:TrackPointExtension>
      <gpxtpx:atemp>9</gpxtpx:atemp>
     </gpxtpx:TrackPointExtension>
    </extensions>
   </trkpt>
   <trkpt lat="52.3747800" lon="4.9301340">
    <ele>-21.6</ele>
    <time>2024-10-10T07:09:03Z</time>
    <extensions>
     <gpxtpx:TrackPointExtension>
      <gpxtpx:atemp>9</gpxtpx:atemp>
     </gpxtpx:TrackPointExtension>
    </extensions>
   </trkpt>
   <trkpt lat="52.3748130" lon="4.9300500">
    <ele>-21.4</ele>
    <time>2024-10-10T07:09:04Z</time>
    <extensions>
     <gpxtpx:TrackPointExtension>
      <gpxtpx:atemp>9</gpxtpx:atemp>
     </gpxtpx:TrackPointExtension>
    </extensions>
   </trkpt>
   <trkpt lat="52.3748500" lon="4.9299750">
    <ele>-21.2</ele>
    <time>2024-10-10T07:09:05Z</time>
    <extensions>
     <gpxtpx:TrackPointExtension>
      <gpxtpx:atemp>9</gpxtpx:atemp>
     </gpxtpx:TrackPointExtension>
    </extensions>
   </trkpt>
   <trkpt lat="52.3748950" lon="4.9298950">
    <ele>-21.2</ele>
    <time>2024-10-10T07:09:06Z</time>
    <extensions>
     <gpxtpx:TrackPointExtension>
      <gpxtpx:atemp>9</gpxtpx:atemp>
     </gpxtpx:TrackPointExtension>
    </extensions>
   </trkpt>
   <trkpt lat="52.3749390" lon="4.9298090">
    <ele>-21.0</ele>
    <time>2024-10-10T07:09:07Z</time>
    <extensions>
     <gpxtpx:TrackPointExtension>
      <gpxtpx:atemp>9</gpxtpx:atemp>
     </gpxtpx:TrackPointExtension>
    </extensions>
   </trkpt>
   <trkpt lat="52.3749790" lon="4.9297220">
    <ele>-20.8</ele>
    <time>2024-10-10T07:09:08Z</time>
    <extensions>
     <gpxtpx:TrackPointExtension>
      <gpxtpx:atemp>9</gpxtpx:atemp>
     </gpxtpx:TrackPointExtension>
    </extensions>
   </trkpt>
   <trkpt lat="52.3750130" lon="4.9296270">
    <ele>-20.6</ele>
    <time>2024-10-10T07:09:09Z</time>
    <extensions>
     <gpxtpx:TrackPointExtension>
      <gpxtpx:atemp>9</gpxtpx:atemp>
     </gpxtpx:TrackPointExtension>
    </extensions>
   </trkpt>
   <trkpt lat="52.3750440" lon="4.9295340">
    <ele>-20.4</ele>
    <time>2024-10-10T07:09:10Z</time>
    <extensions>
     <gpxtpx:TrackPointExtension>
      <gpxtpx:atemp>9</gpxtpx:atemp>
     </gpxtpx:TrackPointExtension>
    </extensions>
   </trkpt>
   <trkpt lat="52.3750750" lon="4.9294430">
    <ele>-20.4</ele>
    <time>2024-10-10T07:09:11Z</time>
    <extensions>
     <gpxtpx:TrackPointExtension>
      <gpxtpx:atemp>9</gpxtpx:atemp>
     </gpxtpx:TrackPointExtension>
    </extensions>
   </trkpt>
   <trkpt lat="52.3751090" lon="4.9293490">
    <ele>-20.4</ele>
    <time>2024-10-10T07:09:12Z</time>
    <extensions>
     <gpxtpx:TrackPointExtension>
      <gpxtpx:atemp>9</gpxtpx:atemp>
     </gpxtpx:TrackPointExtension>
    </extensions>
   </trkpt>
   <trkpt lat="52.3751420" lon="4.9292600">
    <ele>-20.4</ele>
    <time>2024-10-10T07:09:13Z</time>
    <extensions>
     <gpxtpx:TrackPointExtension>
      <gpxtpx:atemp>9</gpxtpx:atemp>
     </gpxtpx:TrackPointExtension>
    </extensions>
   </trkpt>
   <trkpt lat="52.3751740" lon="4.9291680">
    <ele>-20.4</ele>
    <time>2024-10-10T07:09:14Z</time>
    <extensions>
     <gpxtpx:TrackPointExtension>
      <gpxtpx:atemp>9</gpxtpx:atemp>
     </gpxtpx:TrackPointExtension>
    </extensions>
   </trkpt>
   <trkpt lat="52.3752080" lon="4.9290740">
    <ele>-20.4</ele>
    <time>2024-10-10T07:09:15Z</time>
    <extensions>
     <gpxtpx:TrackPointExtension>
      <gpxtpx:atemp>9</gpxtpx:atemp>
     </gpxtpx:TrackPointExtension>
    </extensions>
   </trkpt>
   <trkpt lat="52.3752390" lon="4.9289830">
    <ele>-20.4</ele>
    <time>2024-10-10T07:09:16Z</time>
    <extensions>
     <gpxtpx:TrackPointExtension>
      <gpxtpx:atemp>9</gpxtpx:atemp>
     </gpxtpx:TrackPointExtension>
    </extensions>
   </trkpt>
   <trkpt lat="52.3752730" lon="4.9288880">
    <ele>-20.4</ele>
    <time>2024-10-10T07:09:17Z</time>
    <extensions>
     <gpxtpx:TrackPointExtension>
      <gpxtpx:atemp>9</gpxtpx:atemp>
     </gpxtpx:TrackPointExtension>
    </extensions>
   </trkpt>
   <trkpt lat="52.3753020" lon="4.9287980">
    <ele>-20.6</ele>
    <time>2024-10-10T07:09:18Z</time>
    <extensions>
     <gpxtpx:TrackPointExtension>
      <gpxtpx:atemp>9</gpxtpx:atemp>
     </gpxtpx:TrackPointExtension>
    </extensions>
   </trkpt>
   <trkpt lat="52.3753270" lon="4.9287080">
    <ele>-20.4</ele>
    <time>2024-10-10T07:09:19Z</time>
    <extensions>
     <gpxtpx:TrackPointExtension>
      <gpxtpx:atemp>9</gpxtpx:atemp>
     </gpxtpx:TrackPointExtension>
    </extensions>
   </trkpt>
   <trkpt lat="52.3753510" lon="4.9286130">
    <ele>-20.4</ele>
    <time>2024-10-10T07:09:20Z</time>
    <extensions>
     <gpxtpx:TrackPointExtension>
      <gpxtpx:atemp>9</gpxtpx:atemp>
     </gpxtpx:TrackPointExtension>
    </extensions>
   </trkpt>
   <trkpt lat="52.3753760" lon="4.9285160">
    <ele>-20.4</ele>
    <time>2024-10-10T07:09:21Z</time>
    <extensions>
     <gpxtpx:TrackPointExtension>
      <gpxtpx:atemp>9</gpxtpx:atemp>
     </gpxtpx:TrackPointExtension>
    </extensions>
   </trkpt>
   <trkpt lat="52.3753960" lon="4.9284170">
    <ele>-20.4</ele>
    <time>2024-10-10T07:09:22Z</time>
    <extensions>
     <gpxtpx:TrackPointExtension>
      <gpxtpx:atemp>9</gpxtpx:atemp>
     </gpxtpx:TrackPointExtension>
    </extensions>
   </trkpt>
   <trkpt lat="52.3754190" lon="4.9283150">
    <ele>-20.2</ele>
    <time>2024-10-10T07:09:23Z</time>
    <extensions>
     <gpxtpx:TrackPointExtension>
      <gpxtpx:atemp>9</gpxtpx:atemp>
     </gpxtpx:TrackPointExtension>
    </extensions>
   </trkpt>
   <trkpt lat="52.3754420" lon="4.9282110">
    <ele>-20.4</ele>
    <time>2024-10-10T07:09:24Z</time>
    <extensions>
     <gpxtpx:TrackPointExtension>
      <gpxtpx:atemp>9</gpxtpx:atemp>
     </gpxtpx:TrackPointExtension>
    </extensions>
   </trkpt>
   <trkpt lat="52.3754650" lon="4.9281070">
    <ele>-20.6</ele>
    <time>2024-10-10T07:09:25Z</time>
    <extensions>
     <gpxtpx:TrackPointExtension>
      <gpxtpx:atemp>9</gpxtpx:atemp>
     </gpxtpx:TrackPointExtension>
    </extensions>
   </trkpt>
   <trkpt lat="52.3754880" lon="4.9280050">
    <ele>-20.6</ele>
    <time>2024-10-10T07:09:26Z</time>
    <extensions>
     <gpxtpx:TrackPointExtension>
      <gpxtpx:atemp>9</gpxtpx:atemp>
     </gpxtpx:TrackPointExtension>
    </extensions>
   </trkpt>
   <trkpt lat="52.3755100" lon="4.9279010">
    <ele>-20.4</ele>
    <time>2024-10-10T07:09:27Z</time>
    <extensions>
     <gpxtpx:TrackPointExtension>
      <gpxtpx:atemp>9</gpxtpx:atemp>
     </gpxtpx:TrackPointExtension>
    </extensions>
   </trkpt>
   <trkpt lat="52.3755330" lon="4.9277960">
    <ele>-20.6</ele>
    <time>2024-10-10T07:09:28Z</time>
    <extensions>
     <gpxtpx:TrackPointExtension>
      <gpxtpx:atemp>9</gpxtpx:atemp>
     </gpxtpx:TrackPointExtension>
    </extensions>
   </trkpt>
   <trkpt lat="52.3755530" lon="4.9276910">
    <ele>-20.6</ele>
    <time>2024-10-10T07:09:29Z</time>
    <extensions>
     <gpxtpx:TrackPointExtension>
      <gpxtpx:atemp>9</gpxtpx:atemp>
     </gpxtpx:TrackPointExtension>
    </extensions>
   </trkpt>
   <trkpt lat="52.3755660" lon="4.9275880">
    <ele>-20.6</ele>
    <time>2024-10-10T07:09:30Z</time>
    <extensions>
     <gpxtpx:TrackPointExtension>
      <gpxtpx:atemp>9</gpxtpx:atemp>
     </gpxtpx:TrackPointExtension>
    </extensions>
   </trkpt>
   <trkpt lat="52.3755850" lon="4.9274870">
    <ele>-20.6</ele>
    <time>2024-10-10T07:09:31Z</time>
    <extensions>
     <gpxtpx:TrackPointExtension>
      <gpxtpx:atemp>9</gpxtpx:atemp>
     </gpxtpx:TrackPointExtension>
    </extensions>
   </trkpt>
   <trkpt lat="52.3756050" lon="4.9273850">
    <ele>-20.4</ele>
    <time>2024-10-10T07:09:32Z</time>
    <extensions>
     <gpxtpx:TrackPointExtension>
      <gpxtpx:atemp>9</gpxtpx:atemp>
     </gpxtpx:TrackPointExtension>
    </extensions>
   </trkpt>
   <trkpt lat="52.3756260" lon="4.9272870">
    <ele>-20.0</ele>
    <time>2024-10-10T07:09:33Z</time>
    <extensions>
     <gpxtpx:TrackPointExtension>
      <gpxtpx:atemp>9</gpxtpx:atemp>
     </gpxtpx:TrackPointExtension>
    </extensions>
   </trkpt>
   <trkpt lat="52.3756430" lon="4.9271840">
    <ele>-20.4</ele>
    <time>2024-10-10T07:09:34Z</time>
    <extensions>
     <gpxtpx:TrackPointExtension>
      <gpxtpx:atemp>9</gpxtpx:atemp>
     </gpxtpx:TrackPointExtension>
    </extensions>
   </trkpt>
   <trkpt lat="52.3756600" lon="4.9270890">
    <ele>-20.4</ele>
    <time>2024-10-10T07:09:35Z</time>
    <extensions>
     <gpxtpx:TrackPointExtension>
      <gpxtpx:atemp>9</gpxtpx:atemp>
     </gpxtpx:TrackPointExtension>
    </extensions>
   </trkpt>
   <trkpt lat="52.3756770" lon="4.9269870">
    <ele>-20.4</ele>
    <time>2024-10-10T07:09:36Z</time>
    <extensions>
     <gpxtpx:TrackPointExtension>
      <gpxtpx:atemp>9</gpxtpx:atemp>
     </gpxtpx:TrackPointExtension>
    </extensions>
   </trkpt>
   <trkpt lat="52.3756940" lon="4.9268880">
    <ele>-20.2</ele>
    <time>2024-10-10T07:09:37Z</time>
    <extensions>
     <gpxtpx:TrackPointExtension>
      <gpxtpx:atemp>9</gpxtpx:atemp>
     </gpxtpx:TrackPointExtension>
    </extensions>
   </trkpt>
   <trkpt lat="52.3757090" lon="4.9267880">
    <ele>-20.2</ele>
    <time>2024-10-10T07:09:38Z</time>
    <extensions>
     <gpxtpx:TrackPointExtension>
      <gpxtpx:atemp>9</gpxtpx:atemp>
     </gpxtpx:TrackPointExtension>
    </extensions>
   </trkpt>
   <trkpt lat="52.3757310" lon="4.9266820">
    <ele>-20.4</ele>
    <time>2024-10-10T07:09:39Z</time>
    <extensions>
     <gpxtpx:TrackPointExtension>
      <gpxtpx:atemp>9</gpxtpx:atemp>
     </gpxtpx:TrackPointExtension>
    </extensions>
   </trkpt>
   <trkpt lat="52.3757510" lon="4.9265780">
    <ele>-20.4</ele>
    <time>2024-10-10T07:09:40Z</time>
    <extensions>
     <gpxtpx:TrackPointExtension>
      <gpxtpx:atemp>9</gpxtpx:atemp>
     </gpxtpx:TrackPointExtension>
    </extensions>
   </trkpt>
   <trkpt lat="52.3757740" lon="4.9264680">
    <ele>-20.6</ele>
    <time>2024-10-10T07:09:41Z</time>
    <extensions>
     <gpxtpx:TrackPointExtension>
      <gpxtpx:atemp>9</gpxtpx:atemp>
     </gpxtpx:TrackPointExtension>
    </extensions>
   </trkpt>
   <trkpt lat="52.3757950" lon="4.9263520">
    <ele>-20.6</ele>
    <time>2024-10-10T07:09:42Z</time>
    <extensions>
     <gpxtpx:TrackPointExtension>
      <gpxtpx:atemp>9</gpxtpx:atemp>
     </gpxtpx:TrackPointExtension>
    </extensions>
   </trkpt>
   <trkpt lat="52.3758130" lon="4.9262400">
    <ele>-20.8</ele>
    <time>2024-10-10T07:09:43Z</time>
    <extensions>
     <gpxtpx:TrackPointExtension>
      <gpxtpx:atemp>9</gpxtpx:atemp>
     </gpxtpx:TrackPointExtension>
    </extensions>
   </trkpt>
   <trkpt lat="52.3758310" lon="4.9261290">
    <ele>-20.8</ele>
    <time>2024-10-10T07:09:44Z</time>
    <extensions>
     <gpxtpx:TrackPointExtension>
      <gpxtpx:atemp>9</gpxtpx:atemp>
     </gpxtpx:TrackPointExtension>
    </extensions>
   </trkpt>
   <trkpt lat="52.3758540" lon="4.9260150">
    <ele>-20.8</ele>
    <time>2024-10-10T07:09:45Z</time>
    <extensions>
     <gpxtpx:TrackPointExtension>
      <gpxtpx:atemp>9</gpxtpx:atemp>
     </gpxtpx:TrackPointExtension>
    </extensions>
   </trkpt>
   <trkpt lat="52.3758780" lon="4.9259070">
    <ele>-20.8</ele>
    <time>2024-10-10T07:09:46Z</time>
    <extensions>
     <gpxtpx:TrackPointExtension>
      <gpxtpx:atemp>9</gpxtpx:atemp>
     </gpxtpx:TrackPointExtension>
    </extensions>
   </trkpt>
   <trkpt lat="52.3759030" lon="4.9258030">
    <ele>-20.6</ele>
    <time>2024-10-10T07:09:47Z</time>
    <extensions>
     <gpxtpx:TrackPointExtension>
      <gpxtpx:atemp>9</gpxtpx:atemp>
     </gpxtpx:TrackPointExtension>
    </extensions>
   </trkpt>
   <trkpt lat="52.3759250" lon="4.9256990">
    <ele>-20.4</ele>
    <time>2024-10-10T07:09:48Z</time>
    <extensions>
     <gpxtpx:TrackPointExtension>
      <gpxtpx:atemp>9</gpxtpx:atemp>
     </gpxtpx:TrackPointExtension>
    </extensions>
   </trkpt>
   <trkpt lat="52.3759450" lon="4.9255900">
    <ele>-20.2</ele>
    <time>2024-10-10T07:09:49Z</time>
    <extensions>
     <gpxtpx:TrackPointExtension>
      <gpxtpx:atemp>9</gpxtpx:atemp>
     </gpxtpx:TrackPointExtension>
    </extensions>
   </trkpt>
   <trkpt lat="52.3759670" lon="4.9254740">
    <ele>-20.2</ele>
    <time>2024-10-10T07:09:50Z</time>
    <extensions>
     <gpxtpx:TrackPointExtension>
      <gpxtpx:atemp>9</gpxtpx:atemp>
     </gpxtpx:TrackPointExtension>
    </extensions>
   </trkpt>
   <trkpt lat="52.3759870" lon="4.9253610">
    <ele>-20.2</ele>
    <time>2024-10-10T07:09:51Z</time>
    <extensions>
     <gpxtpx:TrackPointExtension>
      <gpxtpx:atemp>9</gpxtpx:atemp>
     </gpxtpx:TrackPointExtension>
    </extensions>
   </trkpt>
   <trkpt lat="52.3760080" lon="4.9252470">
    <ele>-20.4</ele>
    <time>2024-10-10T07:09:52Z</time>
    <extensions>
     <gpxtpx:TrackPointExtension>
      <gpxtpx:atemp>9</gpxtpx:atemp>
     </gpxtpx:TrackPointExtension>
    </extensions>
   </trkpt>
   <trkpt lat="52.3760240" lon="4.9251400">
    <ele>-20.4</ele>
    <time>2024-10-10T07:09:53Z</time>
    <extensions>
     <gpxtpx:TrackPointExtension>
      <gpxtpx:atemp>9</gpxtpx:atemp>
     </gpxtpx:TrackPointExtension>
    </extensions>
   </trkpt>
   <trkpt lat="52.3760430" lon="4.9250320">
    <ele>-20.6</ele>
    <time>2024-10-10T07:09:54Z</time>
    <extensions>
     <gpxtpx:TrackPointExtension>
      <gpxtpx:atemp>9</gpxtpx:atemp>
     </gpxtpx:TrackPointExtension>
    </extensions>
   </trkpt>
   <trkpt lat="52.3760620" lon="4.9249240">
    <ele>-20.6</ele>
    <time>2024-10-10T07:09:55Z</time>
    <extensions>
     <gpxtpx:TrackPointExtension>
      <gpxtpx:atemp>9</gpxtpx:atemp>
     </gpxtpx:TrackPointExtension>
    </extensions>
   </trkpt>
   <trkpt lat="52.3760800" lon="4.9248190">
    <ele>-20.6</ele>
    <time>2024-10-10T07:09:56Z</time>
    <extensions>
     <gpxtpx:TrackPointExtension>
      <gpxtpx:atemp>9</gpxtpx:atemp>
     </gpxtpx:TrackPointExtension>
    </extensions>
   </trkpt>
   <trkpt lat="52.3760960" lon="4.9247150">
    <ele>-20.8</ele>
    <time>2024-10-10T07:09:57Z</time>
    <extensions>
     <gpxtpx:TrackPointExtension>
      <gpxtpx:atemp>9</gpxtpx:atemp>
     </gpxtpx:TrackPointExtension>
    </extensions>
   </trkpt>
   <trkpt lat="52.3761110" lon="4.9246120">
    <ele>-20.8</ele>
    <time>2024-10-10T07:09:58Z</time>
    <extensions>
     <gpxtpx:TrackPointExtension>
      <gpxtpx:atemp>9</gpxtpx:atemp>
     </gpxtpx:TrackPointExtension>
    </extensions>
   </trkpt>
   <trkpt lat="52.3761260" lon="4.9245110">
    <ele>-20.8</ele>
    <time>2024-10-10T07:09:59Z</time>
    <extensions>
     <gpxtpx:TrackPointExtension>
      <gpxtpx:atemp>9</gpxtpx:atemp>
     </gpxtpx:TrackPointExtension>
    </extensions>
   </trkpt>
   <trkpt lat="52.3761400" lon="4.9244120">
    <ele>-21.0</ele>
    <time>2024-10-10T07:10:00Z</time>
    <extensions>
     <gpxtpx:TrackPointExtension>
      <gpxtpx:atemp>9</gpxtpx:atemp>
     </gpxtpx:TrackPointExtension>
    </extensions>
   </trkpt>
   <trkpt lat="52.3761560" lon="4.9243050">
    <ele>-21.0</ele>
    <time>2024-10-10T07:10:01Z</time>
    <extensions>
     <gpxtpx:TrackPointExtension>
      <gpxtpx:atemp>9</gpxtpx:atemp>
     </gpxtpx:TrackPointExtension>
    </extensions>
   </trkpt>
   <trkpt lat="52.3761720" lon="4.9241950">
    <ele>-21.0</ele>
    <time>2024-10-10T07:10:02Z</time>
    <extensions>
     <gpxtpx:TrackPointExtension>
      <gpxtpx:atemp>9</gpxtpx:atemp>
     </gpxtpx:TrackPointExtension>
    </extensions>
   </trkpt>
   <trkpt lat="52.3761870" lon="4.9240960">
    <ele>-20.8</ele>
    <time>2024-10-10T07:10:03Z</time>
    <extensions>
     <gpxtpx:TrackPointExtension>
      <gpxtpx:atemp>9</gpxtpx:atemp>
     </gpxtpx:TrackPointExtension>
    </extensions>
   </trkpt>
   <trkpt lat="52.3762030" lon="4.9239950">
    <ele>-20.8</ele>
    <time>2024-10-10T07:10:04Z</time>
    <extensions>
     <gpxtpx:TrackPointExtension>
      <gpxtpx:atemp>9</gpxtpx:atemp>
     </gpxtpx:TrackPointExtension>
    </extensions>
   </trkpt>
   <trkpt lat="52.3762200" lon="4.9238870">
    <ele>-20.8</ele>
    <time>2024-10-10T07:10:05Z</time>
    <extensions>
     <gpxtpx:TrackPointExtension>
      <gpxtpx:atemp>9</gpxtpx:atemp>
     </gpxtpx:TrackPointExtension>
    </extensions>
   </trkpt>
   <trkpt lat="52.3762340" lon="4.9237790">
    <ele>-21.0</ele>
    <time>2024-10-10T07:10:06Z</time>
    <extensions>
     <gpxtpx:TrackPointExtension>
      <gpxtpx:atemp>9</gpxtpx:atemp>
     </gpxtpx:TrackPointExtension>
    </extensions>
   </trkpt>
   <trkpt lat="52.3762510" lon="4.9236610">
    <ele>-21.0</ele>
    <time>2024-10-10T07:10:07Z</time>
    <extensions>
     <gpxtpx:TrackPointExtension>
      <gpxtpx:atemp>9</gpxtpx:atemp>
     </gpxtpx:TrackPointExtension>
    </extensions>
   </trkpt>
   <trkpt lat="52.3762640" lon="4.9235390">
    <ele>-21.2</ele>
    <time>2024-10-10T07:10:08Z</time>
    <extensions>
     <gpxtpx:TrackPointExtension>
      <gpxtpx:atemp>9</gpxtpx:atemp>
     </gpxtpx:TrackPointExtension>
    </extensions>
   </trkpt>
   <trkpt lat="52.3762770" lon="4.9234240">
    <ele>-21.4</ele>
    <time>2024-10-10T07:10:09Z</time>
    <extensions>
     <gpxtpx:TrackPointExtension>
      <gpxtpx:atemp>9</gpxtpx:atemp>
     </gpxtpx:TrackPointExtension>
    </extensions>
   </trkpt>
   <trkpt lat="52.3762890" lon="4.9233130">
    <ele>-21.6</ele>
    <time>2024-10-10T07:10:10Z</time>
    <extensions>
     <gpxtpx:TrackPointExtension>
      <gpxtpx:atemp>9</gpxtpx:atemp>
     </gpxtpx:TrackPointExtension>
    </extensions>
   </trkpt>
   <trkpt lat="52.3763020" lon="4.9232000">
    <ele>-21.4</ele>
    <time>2024-10-10T07:10:11Z</time>
    <extensions>
     <gpxtpx:TrackPointExtension>
      <gpxtpx:atemp>9</gpxtpx:atemp>
     </gpxtpx:TrackPointExtension>
    </extensions>
   </trkpt>
   <trkpt lat="52.3763180" lon="4.9230870">
    <ele>-21.4</ele>
    <time>2024-10-10T07:10:12Z</time>
    <extensions>
     <gpxtpx:TrackPointExtension>
      <gpxtpx:atemp>9</gpxtpx:atemp>
     </gpxtpx:TrackPointExtension>
    </extensions>
   </trkpt>
   <trkpt lat="52.3763370" lon="4.9229720">
    <ele>-21.2</ele>
    <time>2024-10-10T07:10:13Z</time>
    <extensions>
     <gpxtpx:TrackPointExtension>
      <gpxtpx:atemp>9</gpxtpx:atemp>
     </gpxtpx:TrackPointExtension>
    </extensions>
   </trkpt>
   <trkpt lat="52.3763540" lon="4.9228630">
    <ele>-21.0</ele>
    <time>2024-10-10T07:10:14Z</time>
    <extensions>
     <gpxtpx:TrackPointExtension>
      <gpxtpx:atemp>9</gpxtpx:atemp>
     </gpxtpx:TrackPointExtension>
    </extensions>
   </trkpt>
   <trkpt lat="52.3763650" lon="4.9227570">
    <ele>-20.8</ele>
    <time>2024-10-10T07:10:15Z</time>
    <extensions>
     <gpxtpx:TrackPointExtension>
      <gpxtpx:atemp>9</gpxtpx:atemp>
     </gpxtpx:TrackPointExtension>
    </extensions>
   </trkpt>
   <trkpt lat="52.3763780" lon="4.9226510">
    <ele>-21.0</ele>
    <time>2024-10-10T07:10:16Z</time>
    <extensions>
     <gpxtpx:TrackPointExtension>
      <gpxtpx:atemp>9</gpxtpx:atemp>
     </gpxtpx:TrackPointExtension>
    </extensions>
   </trkpt>
   <trkpt lat="52.3763930" lon="4.9225500">
    <ele>-21.0</ele>
    <time>2024-10-10T07:10:17Z</time>
    <extensions>
     <gpxtpx:TrackPointExtension>
      <gpxtpx:atemp>9</gpxtpx:atemp>
     </gpxtpx:TrackPointExtension>
    </extensions>
   </trkpt>
   <trkpt lat="52.3764080" lon="4.9224540">
    <ele>-21.0</ele>
    <time>2024-10-10T07:10:18Z</time>
    <extensions>
     <gpxtpx:TrackPointExtension>
      <gpxtpx:atemp>9</gpxtpx:atemp>
     </gpxtpx:TrackPointExtension>
    </extensions>
   </trkpt>
   <trkpt lat="52.3764230" lon="4.9223530">
    <ele>-20.8</ele>
    <time>2024-10-10T07:10:19Z</time>
    <extensions>
     <gpxtpx:TrackPointExtension>
      <gpxtpx:atemp>9</gpxtpx:atemp>
     </gpxtpx:TrackPointExtension>
    </extensions>
   </trkpt>
   <trkpt lat="52.3764400" lon="4.9222420">
    <ele>-20.8</ele>
    <time>2024-10-10T07:10:20Z</time>
    <extensions>
     <gpxtpx:TrackPointExtension>
      <gpxtpx:atemp>9</gpxtpx:atemp>
     </gpxtpx:TrackPointExtension>
    </extensions>
   </trkpt>
   <trkpt lat="52.3764580" lon="4.9221370">
    <ele>-20.6</ele>
    <time>2024-10-10T07:10:21Z</time>
    <extensions>
     <gpxtpx:TrackPointExtension>
      <gpxtpx:atemp>9</gpxtpx:atemp>
     </gpxtpx:TrackPointExtension>
    </extensions>
   </trkpt>
   <trkpt lat="52.3764740" lon="4.9220330">
    <ele>-20.8</ele>
    <time>2024-10-10T07:10:22Z</time>
    <extensions>
     <gpxtpx:TrackPointExtension>
      <gpxtpx:atemp>9</gpxtpx:atemp>
     </gpxtpx:TrackPointExtension>
    </extensions>
   </trkpt>
   <trkpt lat="52.3764910" lon="4.9219300">
    <ele>-20.8</ele>
    <time>2024-10-10T07:10:23Z</time>
    <extensions>
     <gpxtpx:TrackPointExtension>
      <gpxtpx:atemp>9</gpxtpx:atemp>
     </gpxtpx:TrackPointExtension>
    </extensions>
   </trkpt>
   <trkpt lat="52.3765030" lon="4.9218270">
    <ele>-20.6</ele>
    <time>2024-10-10T07:10:24Z</time>
    <extensions>
     <gpxtpx:TrackPointExtension>
      <gpxtpx:atemp>9</gpxtpx:atemp>
     </gpxtpx:TrackPointExtension>
    </extensions>
   </trkpt>
   <trkpt lat="52.3765130" lon="4.9217220">
    <ele>-20.4</ele>
    <time>2024-10-10T07:10:25Z</time>
    <extensions>
     <gpxtpx:TrackPointExtension>
      <gpxtpx:atemp>9</gpxtpx:atemp>
     </gpxtpx:TrackPointExtension>
    </extensions>
   </trkpt>
   <trkpt lat="52.3765200" lon="4.9216140">
    <ele>-20.6</ele>
    <time>2024-10-10T07:10:26Z</time>
    <extensions>
     <gpxtpx:TrackPointExtension>
      <gpxtpx:atemp>9</gpxtpx:atemp>
     </gpxtpx:TrackPointExtension>
    </extensions>
   </trkpt>
   <trkpt lat="52.3765290" lon="4.9215110">
    <ele>-20.8</ele>
    <time>2024-10-10T07:10:27Z</time>
    <extensions>
     <gpxtpx:TrackPointExtension>
      <gpxtpx:atemp>9</gpxtpx:atemp>
     </gpxtpx:TrackPointExtension>
    </extensions>
   </trkpt>
   <trkpt lat="52.3765400" lon="4.9214190">
    <ele>-21.0</ele>
    <time>2024-10-10T07:10:28Z</time>
    <extensions>
     <gpxtpx:TrackPointExtension>
      <gpxtpx:atemp>9</gpxtpx:atemp>
     </gpxtpx:TrackPointExtension>
    </extensions>
   </trkpt>
   <trkpt lat="52.3765560" lon="4.9212930">
    <ele>-21.0</ele>
    <time>2024-10-10T07:10:29Z</time>
    <extensions>
     <gpxtpx:TrackPointExtension>
      <gpxtpx:atemp>9</gpxtpx:atemp>
     </gpxtpx:TrackPointExtension>
    </extensions>
   </trkpt>
   <trkpt lat="52.3765670" lon="4.9211730">
    <ele>-21.4</ele>
    <time>2024-10-10T07:10:30Z</time>
    <extensions>
     <gpxtpx:TrackPointExtension>
      <gpxtpx:atemp>9</gpxtpx:atemp>
     </gpxtpx:TrackPointExtension>
    </extensions>
   </trkpt>
   <trkpt lat="52.3765790" lon="4.9210480">
    <ele>-21.4</ele>
    <time>2024-10-10T07:10:31Z</time>
    <extensions>
     <gpxtpx:TrackPointExtension>
      <gpxtpx:atemp>9</gpxtpx:atemp>
     </gpxtpx:TrackPointExtension>
    </extensions>
   </trkpt>
   <trkpt lat="52.3765900" lon="4.9209210">
    <ele>-21.6</ele>
    <time>2024-10-10T07:10:32Z</time>
    <extensions>
     <gpxtpx:TrackPointExtension>
      <gpxtpx:atemp>9</gpxtpx:atemp>
     </gpxtpx:TrackPointExtension>
    </extensions>
   </trkpt>
   <trkpt lat="52.3766030" lon="4.9208070">
    <ele>-21.6</ele>
    <time>2024-10-10T07:10:33Z</time>
    <extensions>
     <gpxtpx:TrackPointExtension>
      <gpxtpx:atemp>9</gpxtpx:atemp>
     </gpxtpx:TrackPointExtension>
    </extensions>
   </trkpt>
   <trkpt lat="52.3766180" lon="4.9206990">
    <ele>-21.8</ele>
    <time>2024-10-10T07:10:34Z</time>
    <extensions>
     <gpxtpx:TrackPointExtension>
      <gpxtpx:atemp>9</gpxtpx:atemp>
     </gpxtpx:TrackPointExtension>
    </extensions>
   </trkpt>
   <trkpt lat="52.3766340" lon="4.9205920">
    <ele>-22.0</ele>
    <time>2024-10-10T07:10:35Z</time>
    <extensions>
     <gpxtpx:TrackPointExtension>
      <gpxtpx:atemp>9</gpxtpx:atemp>
     </gpxtpx:TrackPointExtension>
    </extensions>
   </trkpt>
   <trkpt lat="52.3766490" lon="4.9204840">
    <ele>-22.0</ele>
    <time>2024-10-10T07:10:36Z</time>
    <extensions>
     <gpxtpx:TrackPointExtension>
      <gpxtpx:atemp>9</gpxtpx:atemp>
     </gpxtpx:TrackPointExtension>
    </extensions>
   </trkpt>
   <trkpt lat="52.3766610" lon="4.9203760">
    <ele>-22.0</ele>
    <time>2024-10-10T07:10:37Z</time>
    <extensions>
     <gpxtpx:TrackPointExtension>
      <gpxtpx:atemp>9</gpxtpx:atemp>
     </gpxtpx:TrackPointExtension>
    </extensions>
   </trkpt>
   <trkpt lat="52.3766710" lon="4.9202670">
    <ele>-22.2</ele>
    <time>2024-10-10T07:10:38Z</time>
    <extensions>
     <gpxtpx:TrackPointExtension>
      <gpxtpx:atemp>9</gpxtpx:atemp>
     </gpxtpx:TrackPointExtension>
    </extensions>
   </trkpt>
   <trkpt lat="52.3766860" lon="4.9201600">
    <ele>-22.2</ele>
    <time>2024-10-10T07:10:39Z</time>
    <extensions>
     <gpxtpx:TrackPointExtension>
      <gpxtpx:atemp>9</gpxtpx:atemp>
     </gpxtpx:TrackPointExtension>
    </extensions>
   </trkpt>
   <trkpt lat="52.3767020" lon="4.9200510">
    <ele>-22.2</ele>
    <time>2024-10-10T07:10:40Z</time>
    <extensions>
     <gpxtpx:TrackPointExtension>
      <gpxtpx:atemp>9</gpxtpx:atemp>
     </gpxtpx:TrackPointExtension>
    </extensions>
   </trkpt>
   <trkpt lat="52.3767160" lon="4.9199440">
    <ele>-22.2</ele>
    <time>2024-10-10T07:10:41Z</time>
    <extensions>
     <gpxtpx:TrackPointExtension>
      <gpxtpx:atemp>9</gpxtpx:atemp>
     </gpxtpx:TrackPointExtension>
    </extensions>
   </trkpt>
   <trkpt lat="52.3767300" lon="4.9198360">
    <ele>-22.0</ele>
    <time>2024-10-10T07:10:42Z</time>
    <extensions>
     <gpxtpx:TrackPointExtension>
      <gpxtpx:atemp>9</gpxtpx:atemp>
     </gpxtpx:TrackPointExtension>
    </extensions>
   </trkpt>
   <trkpt lat="52.3767480" lon="4.9197340">
    <ele>-22.0</ele>
    <time>2024-10-10T07:10:43Z</time>
    <extensions>
     <gpxtpx:TrackPointExtension>
      <gpxtpx:atemp>9</gpxtpx:atemp>
     </gpxtpx:TrackPointExtension>
    </extensions>
   </trkpt>
   <trkpt lat="52.3767640" lon="4.9196250">
    <ele>-22.0</ele>
    <time>2024-10-10T07:10:44Z</time>
    <extensions>
     <gpxtpx:TrackPointExtension>
      <gpxtpx:atemp>9</gpxtpx:atemp>
     </gpxtpx:TrackPointExtension>
    </extensions>
   </trkpt>
   <trkpt lat="52.3767820" lon="4.9195170">
    <ele>-22.0</ele>
    <time>2024-10-10T07:10:45Z</time>
    <extensions>
     <gpxtpx:TrackPointExtension>
      <gpxtpx:atemp>9</gpxtpx:atemp>
     </gpxtpx:TrackPointExtension>
    </extensions>
   </trkpt>
   <trkpt lat="52.3767970" lon="4.9194110">
    <ele>-21.8</ele>
    <time>2024-10-10T07:10:46Z</time>
    <extensions>
     <gpxtpx:TrackPointExtension>
      <gpxtpx:atemp>9</gpxtpx:atemp>
     </gpxtpx:TrackPointExtension>
    </extensions>
   </trkpt>
   <trkpt lat="52.3768130" lon="4.9193120">
    <ele>-21.6</ele>
    <time>2024-10-10T07:10:47Z</time>
    <extensions>
     <gpxtpx:TrackPointExtension>
      <gpxtpx:atemp>9</gpxtpx:atemp>
     </gpxtpx:TrackPointExtension>
    </extensions>
   </trkpt>
   <trkpt lat="52.3768290" lon="4.9192110">
    <ele>-21.4</ele>
    <time>2024-10-10T07:10:48Z</time>
    <extensions>
     <gpxtpx:TrackPointExtension>
      <gpxtpx:atemp>9</gpxtpx:atemp>
     </gpxtpx:TrackPointExtension>
    </extensions>
   </trkpt>
   <trkpt lat="52.3768470" lon="4.9191130">
    <ele>-21.2</ele>
    <time>2024-10-10T07:10:49Z</time>
    <extensions>
     <gpxtpx:TrackPointExtension>
      <gpxtpx:atemp>9</gpxtpx:atemp>
     </gpxtpx:TrackPointExtension>
    </extensions>
   </trkpt>
   <trkpt lat="52.3768620" lon="4.9190110">
    <ele>-21.2</ele>
    <time>2024-10-10T07:10:50Z</time>
    <extensions>
     <gpxtpx:TrackPointExtension>
      <gpxtpx:atemp>9</gpxtpx:atemp>
     </gpxtpx:TrackPointExtension>
    </extensions>
   </trkpt>
   <trkpt lat="52.3768780" lon="4.9189090">
    <ele>-21.2</ele>
    <time>2024-10-10T07:10:51Z</time>
    <extensions>
     <gpxtpx:TrackPointExtension>
      <gpxtpx:atemp>9</gpxtpx:atemp>
     </gpxtpx:TrackPointExtension>
    </extensions>
   </trkpt>
   <trkpt lat="52.3768930" lon="4.9188020">
    <ele>-21.4</ele>
    <time>2024-10-10T07:10:52Z</time>
    <extensions>
     <gpxtpx:TrackPointExtension>
      <gpxtpx:atemp>9</gpxtpx:atemp>
     </gpxtpx:TrackPointExtension>
    </extensions>
   </trkpt>
   <trkpt lat="52.3769070" lon="4.9186980">
    <ele>-21.4</ele>
    <time>2024-10-10T07:10:53Z</time>
    <extensions>
     <gpxtpx:TrackPointExtension>
      <gpxtpx:atemp>9</gpxtpx:atemp>
     </gpxtpx:TrackPointExtension>
    </extensions>
   </trkpt>
   <trkpt lat="52.3769190" lon="4.9186020">
    <ele>-21.6</ele>
    <time>2024-10-10T07:10:54Z</time>
    <extensions>
     <gpxtpx:TrackPointExtension>
      <gpxtpx:atemp>9</gpxtpx:atemp>
     </gpxtpx:TrackPointExtension>
    </extensions>
   </trkpt>
   <trkpt lat="52.3769320" lon="4.9185120">
    <ele>-21.6</ele>
    <time>2024-10-10T07:10:55Z</time>
    <extensions>
     <gpxtpx:TrackPointExtension>
      <gpxtpx:atemp>9</gpxtpx:atemp>
     </gpxtpx:TrackPointExtension>
    </extensions>
   </trkpt>
   <trkpt lat="52.3769440" lon="4.9184090">
    <ele>-21.6</ele>
    <time>2024-10-10T07:10:56Z</time>
    <extensions>
     <gpxtpx:TrackPointExtension>
      <gpxtpx:atemp>9</gpxtpx:atemp>
     </gpxtpx:TrackPointExtension>
    </extensions>
   </trkpt>
   <trkpt lat="52.3769600" lon="4.9182990">
    <ele>-21.6</ele>
    <time>2024-10-10T07:10:57Z</time>
    <extensions>
     <gpxtpx:TrackPointExtension>
      <gpxtpx:atemp>9</gpxtpx:atemp>
     </gpxtpx:TrackPointExtension>
    </extensions>
   </trkpt>
   <trkpt lat="52.3769760" lon="4.9181900">
    <ele>-21.6</ele>
    <time>2024-10-10T07:10:58Z</time>
    <extensions>
     <gpxtpx:TrackPointExtension>
      <gpxtpx:atemp>9</gpxtpx:atemp>
     </gpxtpx:TrackPointExtension>
    </extensions>
   </trkpt>
   <trkpt lat="52.3769880" lon="4.9180830">
    <ele>-21.4</ele>
    <time>2024-10-10T07:10:59Z</time>
    <extensions>
     <gpxtpx:TrackPointExtension>
      <gpxtpx:atemp>9</gpxtpx:atemp>
     </gpxtpx:TrackPointExtension>
    </extensions>
   </trkpt>
   <trkpt lat="52.3770040" lon="4.9179760">
    <ele>-21.4</ele>
    <time>2024-10-10T07:11:00Z</time>
    <extensions>
     <gpxtpx:TrackPointExtension>
      <gpxtpx:atemp>9</gpxtpx:atemp>
     </gpxtpx:TrackPointExtension>
    </extensions>
   </trkpt>
   <trkpt lat="52.3770190" lon="4.9178710">
    <ele>-21.4</ele>
    <time>2024-10-10T07:11:01Z</time>
    <extensions>
     <gpxtpx:TrackPointExtension>
      <gpxtpx:atemp>9</gpxtpx:atemp>
     </gpxtpx:TrackPointExtension>
    </extensions>
   </trkpt>
   <trkpt lat="52.3770340" lon="4.9177690">
    <ele>-21.2</ele>
    <time>2024-10-10T07:11:02Z</time>
    <extensions>
     <gpxtpx:TrackPointExtension>
      <gpxtpx:atemp>9</gpxtpx:atemp>
     </gpxtpx:TrackPointExtension>
    </extensions>
   </trkpt>
   <trkpt lat="52.3770480" lon="4.9176710">
    <ele>-21.2</ele>
    <time>2024-10-10T07:11:03Z</time>
    <extensions>
     <gpxtpx:TrackPointExtension>
      <gpxtpx:atemp>9</gpxtpx:atemp>
     </gpxtpx:TrackPointExtension>
    </extensions>
   </trkpt>
   <trkpt lat="52.3770610" lon="4.9175680">
    <ele>-21.2</ele>
    <time>2024-10-10T07:11:04Z</time>
    <extensions>
     <gpxtpx:TrackPointExtension>
      <gpxtpx:atemp>9</gpxtpx:atemp>
     </gpxtpx:TrackPointExtension>
    </extensions>
   </trkpt>
   <trkpt lat="52.3770760" lon="4.9174650">
    <ele>-21.0</ele>
    <time>2024-10-10T07:11:05Z</time>
    <extensions>
     <gpxtpx:TrackPointExtension>
      <gpxtpx:atemp>9</gpxtpx:atemp>
     </gpxtpx:TrackPointExtension>
    </extensions>
   </trkpt>
   <trkpt lat="52.3770900" lon="4.9173640">
    <ele>-20.8</ele>
    <time>2024-10-10T07:11:06Z</time>
    <extensions>
     <gpxtpx:TrackPointExtension>
      <gpxtpx:atemp>9</gpxtpx:atemp>
     </gpxtpx:TrackPointExtension>
    </extensions>
   </trkpt>
   <trkpt lat="52.3771030" lon="4.9172620">
    <ele>-20.8</ele>
    <time>2024-10-10T07:11:07Z</time>
    <extensions>
     <gpxtpx:TrackPointExtension>
      <gpxtpx:atemp>9</gpxtpx:atemp>
     </gpxtpx:TrackPointExtension>
    </extensions>
   </trkpt>
   <trkpt lat="52.3771170" lon="4.9171620">
    <ele>-20.6</ele>
    <time>2024-10-10T07:11:08Z</time>
    <extensions>
     <gpxtpx:TrackPointExtension>
      <gpxtpx:atemp>9</gpxtpx:atemp>
     </gpxtpx:TrackPointExtension>
    </extensions>
   </trkpt>
   <trkpt lat="52.3771290" lon="4.9170600">
    <ele>-20.8</ele>
    <time>2024-10-10T07:11:09Z</time>
    <extensions>
     <gpxtpx:TrackPointExtension>
      <gpxtpx:atemp>9</gpxtpx:atemp>
     </gpxtpx:TrackPointExtension>
    </extensions>
   </trkpt>
   <trkpt lat="52.3771440" lon="4.9169560">
    <ele>-21.0</ele>
    <time>2024-10-10T07:11:10Z</time>
    <extensions>
     <gpxtpx:TrackPointExtension>
      <gpxtpx:atemp>9</gpxtpx:atemp>
     </gpxtpx:TrackPointExtension>
    </extensions>
   </trkpt>
   <trkpt lat="52.3771560" lon="4.9168540">
    <ele>-20.8</ele>
    <time>2024-10-10T07:11:11Z</time>
    <extensions>
     <gpxtpx:TrackPointExtension>
      <gpxtpx:atemp>9</gpxtpx:atemp>
     </gpxtpx:TrackPointExtension>
    </extensions>
   </trkpt>
   <trkpt lat="52.3771700" lon="4.9167530">
    <ele>-20.6</ele>
    <time>2024-10-10T07:11:12Z</time>
    <extensions>
     <gpxtpx:TrackPointExtension>
      <gpxtpx:atemp>9</gpxtpx:atemp>
     </gpxtpx:TrackPointExtension>
    </extensions>
   </trkpt>
   <trkpt lat="52.3771810" lon="4.9166570">
    <ele>-20.2</ele>
    <time>2024-10-10T07:11:13Z</time>
    <extensions>
     <gpxtpx:TrackPointExtension>
      <gpxtpx:atemp>9</gpxtpx:atemp>
     </gpxtpx:TrackPointExtension>
    </extensions>
   </trkpt>
   <trkpt lat="52.3771940" lon="4.9165540">
    <ele>-20.0</ele>
    <time>2024-10-10T07:11:14Z</time>
    <extensions>
     <gpxtpx:TrackPointExtension>
      <gpxtpx:atemp>9</gpxtpx:atemp>
     </gpxtpx:TrackPointExtension>
    </extensions>
   </trkpt>
   <trkpt lat="52.3772100" lon="4.9164530">
    <ele>-20.0</ele>
    <time>2024-10-10T07:11:15Z</time>
    <extensions>
     <gpxtpx:TrackPointExtension>
      <gpxtpx:atemp>9</gpxtpx:atemp>
     </gpxtpx:TrackPointExtension>
    </extensions>
   </trkpt>
   <trkpt lat="52.3772240" lon="4.9163530">
    <ele>-19.8</ele>
    <time>2024-10-10T07:11:16Z</time>
    <extensions>
     <gpxtpx:TrackPointExtension>
      <gpxtpx:atemp>9</gpxtpx:atemp>
     </gpxtpx:TrackPointExtension>
    </extensions>
   </trkpt>
   <trkpt lat="52.3772350" lon="4.9162570">
    <ele>-19.8</ele>
    <time>2024-10-10T07:11:17Z</time>
    <extensions>
     <gpxtpx:TrackPointExtension>
      <gpxtpx:atemp>9</gpxtpx:atemp>
     </gpxtpx:TrackPointExtension>
    </extensions>
   </trkpt>
   <trkpt lat="52.3772450" lon="4.9161620">
    <ele>-20.0</ele>
    <time>2024-10-10T07:11:18Z</time>
    <extensions>
     <gpxtpx:TrackPointExtension>
      <gpxtpx:atemp>9</gpxtpx:atemp>
     </gpxtpx:TrackPointExtension>
    </extensions>
   </trkpt>
   <trkpt lat="52.3772530" lon="4.9160690">
    <ele>-20.0</ele>
    <time>2024-10-10T07:11:19Z</time>
    <extensions>
     <gpxtpx:TrackPointExtension>
      <gpxtpx:atemp>9</gpxtpx:atemp>
     </gpxtpx:TrackPointExtension>
    </extensions>
   </trkpt>
   <trkpt lat="52.3772630" lon="4.9159790">
    <ele>-20.2</ele>
    <time>2024-10-10T07:11:20Z</time>
    <extensions>
     <gpxtpx:TrackPointExtension>
      <gpxtpx:atemp>9</gpxtpx:atemp>
     </gpxtpx:TrackPointExtension>
    </extensions>
   </trkpt>
   <trkpt lat="52.3772770" lon="4.9158940">
    <ele>-20.0</ele>
    <time>2024-10-10T07:11:21Z</time>
    <extensions>
     <gpxtpx:TrackPointExtension>
      <gpxtpx:atemp>9</gpxtpx:atemp>
     </gpxtpx:TrackPointExtension>
    </extensions>
   </trkpt>
   <trkpt lat="52.3772880" lon="4.9158070">
    <ele>-19.8</ele>
    <time>2024-10-10T07:11:22Z</time>
    <extensions>
     <gpxtpx:TrackPointExtension>
      <gpxtpx:atemp>9</gpxtpx:atemp>
     </gpxtpx:TrackPointExtension>
    </extensions>
   </trkpt>
   <trkpt lat="52.3773000" lon="4.9157220">
    <ele>-19.4</ele>
    <time>2024-10-10T07:11:23Z</time>
    <extensions>
     <gpxtpx:TrackPointExtension>
      <gpxtpx:atemp>9</gpxtpx:atemp>
     </gpxtpx:TrackPointExtension>
    </extensions>
   </trkpt>
   <trkpt lat="52.3773090" lon="4.9156370">
    <ele>-19.4</ele>
    <time>2024-10-10T07:11:24Z</time>
    <extensions>
     <gpxtpx:TrackPointExtension>
      <gpxtpx:atemp>9</gpxtpx:atemp>
     </gpxtpx:TrackPointExtension>
    </extensions>
   </trkpt>
   <trkpt lat="52.3773140" lon="4.9155400">
    <ele>-19.2</ele>
    <time>2024-10-10T07:11:25Z</time>
    <extensions>
     <gpxtpx:TrackPointExtension>
      <gpxtpx:atemp>9</gpxtpx:atemp>
     </gpxtpx:TrackPointExtension>
    </extensions>
   </trkpt>
   <trkpt lat="52.3773270" lon="4.9154440">
    <ele>-19.4</ele>
    <time>2024-10-10T07:11:26Z</time>
    <extensions>
     <gpxtpx:TrackPointExtension>
      <gpxtpx:atemp>9</gpxtpx:atemp>
     </gpxtpx:TrackPointExtension>
    </extensions>
   </trkpt>
   <trkpt lat="52.3773380" lon="4.9153560">
    <ele>-19.4</ele>
    <time>2024-10-10T07:11:27Z</time>
    <extensions>
     <gpxtpx:TrackPointExtension>
      <gpxtpx:atemp>9</gpxtpx:atemp>
     </gpxtpx:TrackPointExtension>
    </extensions>
   </trkpt>
   <trkpt lat="52.3773480" lon="4.9152640">
    <ele>-19.4</ele>
    <time>2024-10-10T07:11:28Z</time>
    <extensions>
     <gpxtpx:TrackPointExtension>
      <gpxtpx:atemp>9</gpxtpx:atemp>
     </gpxtpx:TrackPointExtension>
    </extensions>
   </trkpt>
   <trkpt lat="52.3773570" lon="4.9151670">
    <ele>-19.6</ele>
    <time>2024-10-10T07:11:29Z</time>
    <extensions>
     <gpxtpx:TrackPointExtension>
      <gpxtpx:atemp>9</gpxtpx:atemp>
     </gpxtpx:TrackPointExtension>
    </extensions>
   </trkpt>
   <trkpt lat="52.3773670" lon="4.9150700">
    <ele>-19.8</ele>
    <time>2024-10-10T07:11:30Z</time>
    <extensions>
     <gpxtpx:TrackPointExtension>
      <gpxtpx:atemp>9</gpxtpx:atemp>
     </gpxtpx:TrackPointExtension>
    </extensions>
   </trkpt>
   <trkpt lat="52.3773760" lon="4.9149730">
    <ele>-20.0</ele>
    <time>2024-10-10T07:11:31Z</time>
    <extensions>
     <gpxtpx:TrackPointExtension>
      <gpxtpx:atemp>9</gpxtpx:atemp>
     </gpxtpx:TrackPointExtension>
    </extensions>
   </trkpt>
   <trkpt lat="52.3773860" lon="4.9148770">
    <ele>-20.2</ele>
    <time>2024-10-10T07:11:32Z</time>
    <extensions>
     <gpxtpx:TrackPointExtension>
      <gpxtpx:atemp>9</gpxtpx:atemp>
     </gpxtpx:TrackPointExtension>
    </extensions>
   </trkpt>
   <trkpt lat="52.3773950" lon="4.9147840">
    <ele>-20.2</ele>
    <time>2024-10-10T07:11:33Z</time>
    <extensions>
     <gpxtpx:TrackPointExtension>
      <gpxtpx:atemp>9</gpxtpx:atemp>
     </gpxtpx:TrackPointExtension>
    </extensions>
   </trkpt>
   <trkpt lat="52.3774040" lon="4.9146890">
    <ele>-19.8</ele>
    <time>2024-10-10T07:11:34Z</time>
    <extensions>
     <gpxtpx:TrackPointExtension>
      <gpxtpx:atemp>9</gpxtpx:atemp>
     </gpxtpx:TrackPointExtension>
    </extensions>
   </trkpt>
   <trkpt lat="52.3774110" lon="4.9145940">
    <ele>-19.6</ele>
    <time>2024-10-10T07:11:35Z</time>
    <extensions>
     <gpxtpx:TrackPointExtension>
      <gpxtpx:atemp>9</gpxtpx:atemp>
     </gpxtpx:TrackPointExtension>
    </extensions>
   </trkpt>
   <trkpt lat="52.3774210" lon="4.9145010">
    <ele>-19.6</ele>
    <time>2024-10-10T07:11:36Z</time>
    <extensions>
     <gpxtpx:TrackPointExtension>
      <gpxtpx:atemp>9</gpxtpx:atemp>
     </gpxtpx:TrackPointExtension>
    </extensions>
   </trkpt>
   <trkpt lat="52.3774280" lon="4.9144110">
    <ele>-19.8</ele>
    <time>2024-10-10T07:11:37Z</time>
    <extensions>
     <gpxtpx:TrackPointExtension>
      <gpxtpx:atemp>9</gpxtpx:atemp>
     </gpxtpx:TrackPointExtension>
    </extensions>
   </trkpt>
   <trkpt lat="52.3774350" lon="4.9143180">
    <ele>-20.0</ele>
    <time>2024-10-10T07:11:38Z</time>
    <extensions>
     <gpxtpx:TrackPointExtension>
      <gpxtpx:atemp>9</gpxtpx:atemp>
     </gpxtpx:TrackPointExtension>
    </extensions>
   </trkpt>
   <trkpt lat="52.3774390" lon="4.9142160">
    <ele>-20.2</ele>
    <time>2024-10-10T07:11:39Z</time>
    <extensions>
     <gpxtpx:TrackPointExtension>
      <gpxtpx:atemp>9</gpxtpx:atemp>
     </gpxtpx:TrackPointExtension>
    </extensions>
   </trkpt>
   <trkpt lat="52.3774420" lon="4.9141190">
    <ele>-20.0</ele>
    <time>2024-10-10T07:11:40Z</time>
    <extensions>
     <gpxtpx:TrackPointExtension>
      <gpxtpx:atemp>9</gpxtpx:atemp>
     </gpxtpx:TrackPointExtension>
    </extensions>
   </trkpt>
   <trkpt lat="52.3774480" lon="4.9140180">
    <ele>-19.8</ele>
    <time>2024-10-10T07:11:41Z</time>
    <extensions>
     <gpxtpx:TrackPointExtension>
      <gpxtpx:atemp>9</gpxtpx:atemp>
     </gpxtpx:TrackPointExtension>
    </extensions>
   </trkpt>
   <trkpt lat="52.3774540" lon="4.9139220">
    <ele>-19.6</ele>
    <time>2024-10-10T07:11:42Z</time>
    <extensions>
     <gpxtpx:TrackPointExtension>
      <gpxtpx:atemp>9</gpxtpx:atemp>
     </gpxtpx:TrackPointExtension>
    </extensions>
   </trkpt>
   <trkpt lat="52.3774590" lon="4.9138260">
    <ele>-19.4</ele>
    <time>2024-10-10T07:11:43Z</time>
    <extensions>
     <gpxtpx:TrackPointExtension>
      <gpxtpx:atemp>9</gpxtpx:atemp>
     </gpxtpx:TrackPointExtension>
    </extensions>
   </trkpt>
   <trkpt lat="52.3774650" lon="4.9137300">
    <ele>-19.6</ele>
    <time>2024-10-10T07:11:44Z</time>
    <extensions>
     <gpxtpx:TrackPointExtension>
      <gpxtpx:atemp>9</gpxtpx:atemp>
     </gpxtpx:TrackPointExtension>
    </extensions>
   </trkpt>
   <trkpt lat="52.3774700" lon="4.9136330">
    <ele>-19.4</ele>
    <time>2024-10-10T07:11:45Z</time>
    <extensions>
     <gpxtpx:TrackPointExtension>
      <gpxtpx:atemp>9</gpxtpx:atemp>
     </gpxtpx:TrackPointExtension>
    </extensions>
   </trkpt>
   <trkpt lat="52.3774780" lon="4.9135370">
    <ele>-19.4</ele>
    <time>2024-10-10T07:11:46Z</time>
    <extensions>
     <gpxtpx:TrackPointExtension>
      <gpxtpx:atemp>9</gpxtpx:atemp>
     </gpxtpx:TrackPointExtension>
    </extensions>
   </trkpt>
   <trkpt lat="52.3774850" lon="4.9134390">
    <ele>-19.4</ele>
    <time>2024-10-10T07:11:47Z</time>
    <extensions>
     <gpxtpx:TrackPointExtension>
      <gpxtpx:atemp>9</gpxtpx:atemp>
     </gpxtpx:TrackPointExtension>
    </extensions>
   </trkpt>
   <trkpt lat="52.3774900" lon="4.9133410">
    <ele>-19.6</ele>
    <time>2024-10-10T07:11:48Z</time>
    <extensions>
     <gpxtpx:TrackPointExtension>
      <gpxtpx:atemp>9</gpxtpx:atemp>
     </gpxtpx:TrackPointExtension>
    </extensions>
   </trkpt>
   <trkpt lat="52.3774960" lon="4.9132460">
    <ele>-19.8</ele>
    <time>2024-10-10T07:11:49Z</time>
    <extensions>
     <gpxtpx:TrackPointExtension>
      <gpxtpx:atemp>9</gpxtpx:atemp>
     </gpxtpx:TrackPointExtension>
    </extensions>
   </trkpt>
   <trkpt lat="52.3775010" lon="4.9131550">
    <ele>-19.8</ele>
    <time>2024-10-10T07:11:50Z</time>
    <extensions>
     <gpxtpx:TrackPointExtension>
      <gpxtpx:atemp>9</gpxtpx:atemp>
     </gpxtpx:TrackPointExtension>
    </extensions>
   </trkpt>
   <trkpt lat="52.3775080" lon="4.9130630">
    <ele>-19.6</ele>
    <time>2024-10-10T07:11:51Z</time>
    <extensions>
     <gpxtpx:TrackPointExtension>
      <gpxtpx:atemp>9</gpxtpx:atemp>
     </gpxtpx:TrackPointExtension>
    </extensions>
   </trkpt>
   <trkpt lat="52.3775160" lon="4.9129640">
    <ele>-19.2</ele>
    <time>2024-10-10T07:11:52Z</time>
    <extensions>
     <gpxtpx:TrackPointExtension>
      <gpxtpx:atemp>9</gpxtpx:atemp>
     </gpxtpx:TrackPointExtension>
    </extensions>
   </trkpt>
   <trkpt lat="52.3775230" lon="4.9128700">
    <ele>-19.0</ele>
    <time>2024-10-10T07:11:53Z</time>
    <extensions>
     <gpxtpx:TrackPointExtension>
      <gpxtpx:atemp>9</gpxtpx:atemp>
     </gpxtpx:TrackPointExtension>
    </extensions>
   </trkpt>
   <trkpt lat="52.3775280" lon="4.9127760">
    <ele>-18.6</ele>
    <time>2024-10-10T07:11:54Z</time>
    <extensions>
     <gpxtpx:TrackPointExtension>
      <gpxtpx:atemp>9</gpxtpx:atemp>
     </gpxtpx:TrackPointExtension>
    </extensions>
   </trkpt>
   <trkpt lat="52.3775340" lon="4.9126750">
    <ele>-18.6</ele>
    <time>2024-10-10T07:11:55Z</time>
    <extensions>
     <gpxtpx:TrackPointExtension>
      <gpxtpx:atemp>9</gpxtpx:atemp>
     </gpxtpx:TrackPointExtension>
    </extensions>
   </trkpt>
   <trkpt lat="52.3775390" lon="4.9125750">
    <ele>-18.4</ele>
    <time>2024-10-10T07:11:56Z</time>
    <extensions>
     <gpxtpx:TrackPointExtension>
      <gpxtpx:atemp>9</gpxtpx:atemp>
     </gpxtpx:TrackPointExtension>
    </extensions>
   </trkpt>
   <trkpt lat="52.3775460" lon="4.9124730">
    <ele>-18.2</ele>
    <time>2024-10-10T07:11:57Z</time>
    <extensions>
     <gpxtpx:TrackPointExtension>
      <gpxtpx:atemp>9</gpxtpx:atemp>
     </gpxtpx:TrackPointExtension>
    </extensions>
   </trkpt>
   <trkpt lat="52.3775490" lon="4.9123720">
    <ele>-18.4</ele>
    <time>2024-10-10T07:11:58Z</time>
    <extensions>
     <gpxtpx:TrackPointExtension>
      <gpxtpx:atemp>9</gpxtpx:atemp>
     </gpxtpx:TrackPointExtension>
    </extensions>
   </trkpt>
   <trkpt lat="52.3775530" lon="4.9122730">
    <ele>-18.2</ele>
    <time>2024-10-10T07:11:59Z</time>
    <extensions>
     <gpxtpx:TrackPointExtension>
      <gpxtpx:atemp>9</gpxtpx:atemp>
     </gpxtpx:TrackPointExtension>
    </extensions>
   </trkpt>
   <trkpt lat="52.3775580" lon="4.9121750">
    <ele>-18.0</ele>
    <time>2024-10-10T07:12:00Z</time>
    <extensions>
     <gpxtpx:TrackPointExtension>
      <gpxtpx:atemp>9</gpxtpx:atemp>
     </gpxtpx:TrackPointExtension>
    </extensions>
   </trkpt>
   <trkpt lat="52.3775650" lon="4.9120770">
    <ele>-18.0</ele>
    <time>2024-10-10T07:12:01Z</time>
    <extensions>
     <gpxtpx:TrackPointExtension>
      <gpxtpx:atemp>9</gpxtpx:atemp>
     </gpxtpx:TrackPointExtension>
    </extensions>
   </trkpt>
   <trkpt lat="52.3775700" lon="4.9119820">
    <ele>-18.2</ele>
    <time>2024-10-10T07:12:02Z</time>
    <extensions>
     <gpxtpx:TrackPointExtension>
      <gpxtpx:atemp>9</gpxtpx:atemp>
     </gpxtpx:TrackPointExtension>
    </extensions>
   </trkpt>
   <trkpt lat="52.3775760" lon="4.9118880">
    <ele>-18.2</ele>
    <time>2024-10-10T07:12:03Z</time>
    <extensions>
     <gpxtpx:TrackPointExtension>
      <gpxtpx:atemp>9</gpxtpx:atemp>
     </gpxtpx:TrackPointExtension>
    </extensions>
   </trkpt>
   <trkpt lat="52.3775810" lon="4.9117930">
    <ele>-18.0</ele>
    <time>2024-10-10T07:12:04Z</time>
    <extensions>
     <gpxtpx:TrackPointExtension>
      <gpxtpx:atemp>9</gpxtpx:atemp>
     </gpxtpx:TrackPointExtension>
    </extensions>
   </trkpt>
   <trkpt lat="52.3775870" lon="4.9116990">
    <ele>-18.0</ele>
    <time>2024-10-10T07:12:05Z</time>
    <extensions>
     <gpxtpx:TrackPointExtension>
      <gpxtpx:atemp>9</gpxtpx:atemp>
     </gpxtpx:TrackPointExtension>
    </extensions>
   </trkpt>
   <trkpt lat="52.3775910" lon="4.9116000">
    <ele>-17.8</ele>
    <time>2024-10-10T07:12:06Z</time>
    <extensions>
     <gpxtpx:TrackPointExtension>
      <gpxtpx:atemp>9</gpxtpx:atemp>
     </gpxtpx:TrackPointExtension>
    </extensions>
   </trkpt>
   <trkpt lat="52.3775960" lon="4.9115020">
    <ele>-17.6</ele>
    <time>2024-10-10T07:12:07Z</time>
    <extensions>
     <gpxtpx:TrackPointExtension>
      <gpxtpx:atemp>9</gpxtpx:atemp>
     </gpxtpx:TrackPointExtension>
    </extensions>
   </trkpt>
   <trkpt lat="52.3776030" lon="4.9114010">
    <ele>-17.6</ele>
    <time>2024-10-10T07:12:08Z</time>
    <extensions>
     <gpxtpx:TrackPointExtension>
      <gpxtpx:atemp>9</gpxtpx:atemp>
     </gpxtpx:TrackPointExtension>
    </extensions>
   </trkpt>
   <trkpt lat="52.3776070" lon="4.9113020">
    <ele>-17.6</ele>
    <time>2024-10-10T07:12:09Z</time>
    <extensions>
     <gpxtpx:TrackPointExtension>
      <gpxtpx:atemp>9</gpxtpx:atemp>
     </gpxtpx:TrackPointExtension>
    </extensions>
   </trkpt>
   <trkpt lat="52.3776120" lon="4.9112020">
    <ele>-17.8</ele>
    <time>2024-10-10T07:12:10Z</time>
    <extensions>
     <gpxtpx:TrackPointExtension>
      <gpxtpx:atemp>9</gpxtpx:atemp>
     </gpxtpx:TrackPointExtension>
    </extensions>
   </trkpt>
   <trkpt lat="52.3776200" lon="4.9111030">
    <ele>-18.0</ele>
    <time>2024-10-10T07:12:11Z</time>
    <extensions>
     <gpxtpx:TrackPointExtension>
      <gpxtpx:atemp>9</gpxtpx:atemp>
     </gpxtpx:TrackPointExtension>
    </extensions>
   </trkpt>
   <trkpt lat="52.3776310" lon="4.9110060">
    <ele>-18.2</ele>
    <time>2024-10-10T07:12:12Z</time>
    <extensions>
     <gpxtpx:TrackPointExtension>
      <gpxtpx:atemp>9</gpxtpx:atemp>
     </gpxtpx:TrackPointExtension>
    </extensions>
   </trkpt>
   <trkpt lat="52.3776380" lon="4.9109100">
    <ele>-18.4</ele>
    <time>2024-10-10T07:12:13Z</time>
    <extensions>
     <gpxtpx:TrackPointExtension>
      <gpxtpx:atemp>9</gpxtpx:atemp>
     </gpxtpx:TrackPointExtension>
    </extensions>
   </trkpt>
   <trkpt lat="52.3776470" lon="4.9108160">
    <ele>-18.4</ele>
    <time>2024-10-10T07:12:14Z</time>
    <extensions>
     <gpxtpx:TrackPointExtension>
      <gpxtpx:atemp>9</gpxtpx:atemp>
     </gpxtpx:TrackPointExtension>
    </extensions>
   </trkpt>
   <trkpt lat="52.3776580" lon="4.9107210">
    <ele>-18.6</ele>
    <time>2024-10-10T07:12:15Z</time>
    <extensions>
     <gpxtpx:TrackPointExtension>
      <gpxtpx:atemp>9</gpxtpx:atemp>
     </gpxtpx:TrackPointExtension>
    </extensions>
   </trkpt>
   <trkpt lat="52.3776700" lon="4.9106250">
    <ele>-18.6</ele>
    <time>2024-10-10T07:12:16Z</time>
    <extensions>
     <gpxtpx:TrackPointExtension>
      <gpxtpx:atemp>9</gpxtpx:atemp>
     </gpxtpx:TrackPointExtension>
    </extensions>
   </trkpt>
   <trkpt lat="52.3776810" lon="4.9105300">
    <ele>-18.6</ele>
    <time>2024-10-10T07:12:17Z</time>
    <extensions>
     <gpxtpx:TrackPointExtension>
      <gpxtpx:atemp>9</gpxtpx:atemp>
     </gpxtpx:TrackPointExtension>
    </extensions>
   </trkpt>
   <trkpt lat="52.3776940" lon="4.9104390">
    <ele>-18.6</ele>
    <time>2024-10-10T07:12:18Z</time>
    <extensions>
     <gpxtpx:TrackPointExtension>
      <gpxtpx:atemp>9</gpxtpx:atemp>
     </gpxtpx:TrackPointExtension>
    </extensions>
   </trkpt>
   <trkpt lat="52.3777070" lon="4.9103510">
    <ele>-18.6</ele>
    <time>2024-10-10T07:12:19Z</time>
    <extensions>
     <gpxtpx:TrackPointExtension>
      <gpxtpx:atemp>9</gpxtpx:atemp>
     </gpxtpx:TrackPointExtension>
    </extensions>
   </trkpt>
   <trkpt lat="52.3777190" lon="4.9102500">
    <ele>-18.6</ele>
    <time>2024-10-10T07:12:20Z</time>
    <extensions>
     <gpxtpx:TrackPointExtension>
      <gpxtpx:atemp>9</gpxtpx:atemp>
     </gpxtpx:TrackPointExtension>
    </extensions>
   </trkpt>
   <trkpt lat="52.3777320" lon="4.9101450">
    <ele>-18.8</ele>
    <time>2024-10-10T07:12:21Z</time>
    <extensions>
     <gpxtpx:TrackPointExtension>
      <gpxtpx:atemp>9</gpxtpx:atemp>
     </gpxtpx:TrackPointExtension>
    </extensions>
   </trkpt>
   <trkpt lat="52.3777460" lon="4.9100460">
    <ele>-18.8</ele>
    <time>2024-10-10T07:12:22Z</time>
    <extensions>
     <gpxtpx:TrackPointExtension>
      <gpxtpx:atemp>9</gpxtpx:atemp>
     </gpxtpx:TrackPointExtension>
    </extensions>
   </trkpt>
   <trkpt lat="52.3777580" lon="4.9099470">
    <ele>-19.0</ele>
    <time>2024-10-10T07:12:23Z</time>
    <extensions>
     <gpxtpx:TrackPointExtension>
      <gpxtpx:atemp>9</gpxtpx:atemp>
     </gpxtpx:TrackPointExtension>
    </extensions>
   </trkpt>
   <trkpt lat="52.3777700" lon="4.9098490">
    <ele>-19.0</ele>
    <time>2024-10-10T07:12:24Z</time>
    <extensions>
     <gpxtpx:TrackPointExtension>
      <gpxtpx:atemp>9</gpxtpx:atemp>
     </gpxtpx:TrackPointExtension>
    </extensions>
   </trkpt>
   <trkpt lat="52.3777860" lon="4.9097500">
    <ele>-19.0</ele>
    <time>2024-10-10T07:12:25Z</time>
    <extensions>
     <gpxtpx:TrackPointExtension>
      <gpxtpx:atemp>9</gpxtpx:atemp>
     </gpxtpx:TrackPointExtension>
    </extensions>
   </trkpt>
   <trkpt lat="52.3778010" lon="4.9096520">
    <ele>-19.0</ele>
    <time>2024-10-10T07:12:26Z</time>
    <extensions>
     <gpxtpx:TrackPointExtension>
      <gpxtpx:atemp>9</gpxtpx:atemp>
     </gpxtpx:TrackPointExtension>
    </extensions>
   </trkpt>
   <trkpt lat="52.3778160" lon="4.9095510">
    <ele>-19.0</ele>
    <time>2024-10-10T07:12:27Z</time>
    <extensions>
     <gpxtpx:TrackPointExtension>
      <gpxtpx:atemp>9</gpxtpx:atemp>
     </gpxtpx:TrackPointExtension>
    </extensions>
   </trkpt>
   <trkpt lat="52.3778300" lon="4.9094480">
    <ele>-19.2</ele>
    <time>2024-10-10T07:12:28Z</time>
    <extensions>
     <gpxtpx:TrackPointExtension>
      <gpxtpx:atemp>9</gpxtpx:atemp>
     </gpxtpx:TrackPointExtension>
    </extensions>
   </trkpt>
   <trkpt lat="52.3778420" lon="4.9093460">
    <ele>-19.4</ele>
    <time>2024-10-10T07:12:29Z</time>
    <extensions>
     <gpxtpx:TrackPointExtension>
      <gpxtpx:atemp>9</gpxtpx:atemp>
     </gpxtpx:TrackPointExtension>
    </extensions>
   </trkpt>
   <trkpt lat="52.3778540" lon="4.9092440">
    <ele>-19.4</ele>
    <time>2024-10-10T07:12:30Z</time>
    <extensions>
     <gpxtpx:TrackPointExtension>
      <gpxtpx:atemp>9</gpxtpx:atemp>
     </gpxtpx:TrackPointExtension>
    </extensions>
   </trkpt>
   <trkpt lat="52.3778690" lon="4.9091420">
    <ele>-19.8</ele>
    <time>2024-10-10T07:12:31Z</time>
    <extensions>
     <gpxtpx:TrackPointExtension>
      <gpxtpx:atemp>9</gpxtpx:atemp>
     </gpxtpx:TrackPointExtension>
    </extensions>
   </trkpt>
   <trkpt lat="52.3778850" lon="4.9090380">
    <ele>-20.0</ele>
    <time>2024-10-10T07:12:32Z</time>
    <extensions>
     <gpxtpx:TrackPointExtension>
      <gpxtpx:atemp>9</gpxtpx:atemp>
     </gpxtpx:TrackPointExtension>
    </extensions>
   </trkpt>
   <trkpt lat="52.3779000" lon="4.9089370">
    <ele>-20.4</ele>
    <time>2024-10-10T07:12:33Z</time>
    <extensions>
     <gpxtpx:TrackPointExtension>
      <gpxtpx:atemp>9</gpxtpx:atemp>
     </gpxtpx:TrackPointExtension>
    </extensions>
   </trkpt>
   <trkpt lat="52.3779140" lon="4.9088350">
    <ele>-20.6</ele>
    <time>2024-10-10T07:12:34Z</time>
    <extensions>
     <gpxtpx:TrackPointExtension>
      <gpxtpx:atemp>9</gpxtpx:atemp>
     </gpxtpx:TrackPointExtension>
    </extensions>
   </trkpt>
   <trkpt lat="52.3779250" lon="4.9087300">
    <ele>-20.8</ele>
    <time>2024-10-10T07:12:35Z</time>
    <extensions>
     <gpxtpx:TrackPointExtension>
      <gpxtpx:atemp>9</gpxtpx:atemp>
     </gpxtpx:TrackPointExtension>
    </extensions>
   </trkpt>
   <trkpt lat="52.3779380" lon="4.9086230">
    <ele>-21.0</ele>
    <time>2024-10-10T07:12:36Z</time>
    <extensions>
     <gpxtpx:TrackPointExtension>
      <gpxtpx:atemp>9</gpxtpx:atemp>
     </gpxtpx:TrackPointExtension>
    </extensions>
   </trkpt>
   <trkpt lat="52.3779520" lon="4.9085110">
    <ele>-21.4</ele>
    <time>2024-10-10T07:12:37Z</time>
    <extensions>
     <gpxtpx:TrackPointExtension>
      <gpxtpx:atemp>9</gpxtpx:atemp>
     </gpxtpx:TrackPointExtension>
    </extensions>
   </trkpt>
   <trkpt lat="52.3779650" lon="4.9084020">
    <ele>-21.8</ele>
    <time>2024-10-10T07:12:38Z</time>
    <extensions>
     <gpxtpx:TrackPointExtension>
      <gpxtpx:atemp>9</gpxtpx:atemp>
     </gpxtpx:TrackPointExtension>
    </extensions>
   </trkpt>
   <trkpt lat="52.3779800" lon="4.9082930">
    <ele>-22.0</ele>
    <time>2024-10-10T07:12:39Z</time>
    <extensions>
     <gpxtpx:TrackPointExtension>
      <gpxtpx:atemp>9</gpxtpx:atemp>
     </gpxtpx:TrackPointExtension>
    </extensions>
   </trkpt>
   <trkpt lat="52.3779930" lon="4.9081820">
    <ele>-22.4</ele>
    <time>2024-10-10T07:12:40Z</time>
    <extensions>
     <gpxtpx:TrackPointExtension>
      <gpxtpx:atemp>9</gpxtpx:atemp>
     </gpxtpx:TrackPointExtension>
    </extensions>
   </trkpt>
   <trkpt lat="52.3780020" lon="4.9080720">
    <ele>-22.8</ele>
    <time>2024-10-10T07:12:41Z</time>
    <extensions>
     <gpxtpx:TrackPointExtension>
      <gpxtpx:atemp>9</gpxtpx:atemp>
     </gpxtpx:TrackPointExtension>
    </extensions>
   </trkpt>
   <trkpt lat="52.3780140" lon="4.9079680">
    <ele>-23.0</ele>
    <time>2024-10-10T07:12:42Z</time>
    <extensions>
     <gpxtpx:TrackPointExtension>
      <gpxtpx:atemp>9</gpxtpx:atemp>
     </gpxtpx:TrackPointExtension>
    </extensions>
   </trkpt>
   <trkpt lat="52.3780280" lon="4.9078680">
    <ele>-23.4</ele>
    <time>2024-10-10T07:12:43Z</time>
    <extensions>
     <gpxtpx:TrackPointExtension>
      <gpxtpx:atemp>9</gpxtpx:atemp>
     </gpxtpx:TrackPointExtension>
    </extensions>
   </trkpt>
   <trkpt lat="52.3780410" lon="4.9077690">
    <ele>-23.6</ele>
    <time>2024-10-10T07:12:44Z</time>
    <extensions>
     <gpxtpx:TrackPointExtension>
      <gpxtpx:atemp>9</gpxtpx:atemp>
     </gpxtpx:TrackPointExtension>
    </extensions>
   </trkpt>
   <trkpt lat="52.3780550" lon="4.9076690">
    <ele>-24.0</ele>
    <time>2024-10-10T07:12:45Z</time>
    <extensions>
     <gpxtpx:TrackPointExtension>
      <gpxtpx:atemp>9</gpxtpx:atemp>
     </gpxtpx:TrackPointExtension>
    </extensions>
   </trkpt>
   <trkpt lat="52.3780680" lon="4.9075700">
    <ele>-24.0</ele>
    <time>2024-10-10T07:12:46Z</time>
    <extensions>
     <gpxtpx:TrackPointExtension>
      <gpxtpx:atemp>9</gpxtpx:atemp>
     </gpxtpx:TrackPointExtension>
    </extensions>
   </trkpt>
   <trkpt lat="52.3780820" lon="4.9074750">
    <ele>-24.2</ele>
    <time>2024-10-10T07:12:47Z</time>
    <extensions>
     <gpxtpx:TrackPointExtension>
      <gpxtpx:atemp>9</gpxtpx:atemp>
     </gpxtpx:TrackPointExtension>
    </extensions>
   </trkpt>
   <trkpt lat="52.3780930" lon="4.9073890">
    <ele>-24.4</ele>
    <time>2024-10-10T07:12:48Z</time>
    <extensions>
     <gpxtpx:TrackPointExtension>
      <gpxtpx:atemp>9</gpxtpx:atemp>
     </gpxtpx:TrackPointExtension>
    </extensions>
   </trkpt>
   <trkpt lat="52.3781070" lon="4.9072970">
    <ele>-24.6</ele>
    <time>2024-10-10T07:12:49Z</time>
    <extensions>
     <gpxtpx:TrackPointExtension>
      <gpxtpx:atemp>9</gpxtpx:atemp>
     </gpxtpx:TrackPointExtension>
    </extensions>
   </trkpt>
   <trkpt lat="52.3781160" lon="4.9072040">
    <ele>-24.6</ele>
    <time>2024-10-10T07:12:50Z</time>
    <extensions>
     <gpxtpx:TrackPointExtension>
      <gpxtpx:atemp>9</gpxtpx:atemp>
     </gpxtpx:TrackPointExtension>
    </extensions>
   </trkpt>
   <trkpt lat="52.3781270" lon="4.9071250">
    <ele>-24.6</ele>
    <time>2024-10-10T07:12:51Z</time>
    <extensions>
     <gpxtpx:TrackPointExtension>
      <gpxtpx:atemp>9</gpxtpx:atemp>
     </gpxtpx:TrackPointExtension>
    </extensions>
   </trkpt>
   <trkpt lat="52.3781350" lon="4.9070530">
    <ele>-24.6</ele>
    <time>2024-10-10T07:12:52Z</time>
    <extensions>
     <gpxtpx:TrackPointExtension>
      <gpxtpx:atemp>9</gpxtpx:atemp>
     </gpxtpx:TrackPointExtension>
    </extensions>
   </trkpt>
   <trkpt lat="52.3781470" lon="4.9069810">
    <ele>-24.6</ele>
    <time>2024-10-10T07:12:53Z</time>
    <extensions>
     <gpxtpx:TrackPointExtension>
      <gpxtpx:atemp>9</gpxtpx:atemp>
     </gpxtpx:TrackPointExtension>
    </extensions>
   </trkpt>
   <trkpt lat="52.3781570" lon="4.9069120">
    <ele>-24.4</ele>
    <time>2024-10-10T07:12:54Z</time>
    <extensions>
     <gpxtpx:TrackPointExtension>
      <gpxtpx:atemp>9</gpxtpx:atemp>
     </gpxtpx:TrackPointExtension>
    </extensions>
   </trkpt>
   <trkpt lat="52.3781650" lon="4.9068490">
    <ele>-24.2</ele>
    <time>2024-10-10T07:12:55Z</time>
    <extensions>
     <gpxtpx:TrackPointExtension>
      <gpxtpx:atemp>9</gpxtpx:atemp>
     </gpxtpx:TrackPointExtension>
    </extensions>
   </trkpt>
   <trkpt lat="52.3781720" lon="4.9067940">
    <ele>-24.0</ele>
    <time>2024-10-10T07:12:56Z</time>
    <extensions>
     <gpxtpx:TrackPointExtension>
      <gpxtpx:atemp>9</gpxtpx:atemp>
     </gpxtpx:TrackPointExtension>
    </extensions>
   </trkpt>
   <trkpt lat="52.3781790" lon="4.9067490">
    <ele>-23.8</ele>
    <time>2024-10-10T07:12:57Z</time>
    <extensions>
     <gpxtpx:TrackPointExtension>
      <gpxtpx:atemp>9</gpxtpx:atemp>
     </gpxtpx:TrackPointExtension>
    </extensions>
   </trkpt>
   <trkpt lat="52.3781810" lon="4.9067140">
    <ele>-23.8</ele>
    <time>2024-10-10T07:12:58Z</time>
    <extensions>
     <gpxtpx:TrackPointExtension>
      <gpxtpx:atemp>9</gpxtpx:atemp>
     </gpxtpx:TrackPointExtension>
    </extensions>
   </trkpt>
   <trkpt lat="52.3781830" lon="4.9066840">
    <ele>-23.8</ele>
    <time>2024-10-10T07:12:59Z</time>
    <extensions>
     <gpxtpx:TrackPointExtension>
      <gpxtpx:atemp>9</gpxtpx:atemp>
     </gpxtpx:TrackPointExtension>
    </extensions>
   </trkpt>
   <trkpt lat="52.3781860" lon="4.9066570">
    <ele>-23.8</ele>
    <time>2024-10-10T07:13:00Z</time>
    <extensions>
     <gpxtpx:TrackPointExtension>
      <gpxtpx:atemp>9</gpxtpx:atemp>
     </gpxtpx:TrackPointExtension>
    </extensions>
   </trkpt>
   <trkpt lat="52.3781890" lon="4.9066370">
    <ele>-23.6</ele>
    <time>2024-10-10T07:13:01Z</time>
    <extensions>
     <gpxtpx:TrackPointExtension>
      <gpxtpx:atemp>9</gpxtpx:atemp>
     </gpxtpx:TrackPointExtension>
    </extensions>
   </trkpt>
   <trkpt lat="52.3781940" lon="4.9065960">
    <ele>-23.4</ele>
    <time>2024-10-10T07:13:10Z</time>
    <extensions>
     <gpxtpx:TrackPointExtension>
      <gpxtpx:atemp>9</gpxtpx:atemp>
     </gpxtpx:TrackPointExtension>
    </extensions>
   </trkpt>
   <trkpt lat="52.3781980" lon="4.9065630">
    <ele>-23.6</ele>
    <time>2024-10-10T07:13:11Z</time>
    <extensions>
     <gpxtpx:TrackPointExtension>
      <gpxtpx:atemp>9</gpxtpx:atemp>
     </gpxtpx:TrackPointExtension>
    </extensions>
   </trkpt>
   <trkpt lat="52.3782030" lon="4.9065230">
    <ele>-23.6</ele>
    <time>2024-10-10T07:13:12Z</time>
    <extensions>
     <gpxtpx:TrackPointExtension>
      <gpxtpx:atemp>9</gpxtpx:atemp>
     </gpxtpx:TrackPointExtension>
    </extensions>
   </trkpt>
   <trkpt lat="52.3782120" lon="4.9064780">
    <ele>-23.6</ele>
    <time>2024-10-10T07:13:13Z</time>
    <extensions>
     <gpxtpx:TrackPointExtension>
      <gpxtpx:atemp>9</gpxtpx:atemp>
     </gpxtpx:TrackPointExtension>
    </extensions>
   </trkpt>
   <trkpt lat="52.3782220" lon="4.9064270">
    <ele>-23.4</ele>
    <time>2024-10-10T07:13:14Z</time>
    <extensions>
     <gpxtpx:TrackPointExtension>
      <gpxtpx:atemp>9</gpxtpx:atemp>
     </gpxtpx:TrackPointExtension>
    </extensions>
   </trkpt>
   <trkpt lat="52.3782300" lon="4.9063710">
    <ele>-23.2</ele>
    <time>2024-10-10T07:13:15Z</time>
    <extensions>
     <gpxtpx:TrackPointExtension>
      <gpxtpx:atemp>9</gpxtpx:atemp>
     </gpxtpx:TrackPointExtension>
    </extensions>
   </trkpt>
   <trkpt lat="52.3782400" lon="4.9063140">
    <ele>-23.0</ele>
    <time>2024-10-10T07:13:16Z</time>
    <extensions>
     <gpxtpx:TrackPointExtension>
      <gpxtpx:atemp>9</gpxtpx:atemp>
     </gpxtpx:TrackPointExtension>
    </extensions>
   </trkpt>
   <trkpt lat="52.3782490" lon="4.9062410">
    <ele>-23.0</ele>
    <time>2024-10-10T07:13:17Z</time>
    <extensions>
     <gpxtpx:TrackPointExtension>
      <gpxtpx:atemp>9</gpxtpx:atemp>
     </gpxtpx:TrackPointExtension>
    </extensions>
   </trkpt>
   <trkpt lat="52.3782570" lon="4.9061660">
    <ele>-23.2</ele>
    <time>2024-10-10T07:13:18Z</time>
    <extensions>
     <gpxtpx:TrackPointExtension>
      <gpxtpx:atemp>9</gpxtpx:atemp>
     </gpxtpx:TrackPointExtension>
    </extensions>
   </trkpt>
   <trkpt lat="52.3782710" lon="4.9060840">
    <ele>-23.4</ele>
    <time>2024-10-10T07:13:19Z</time>
    <extensions>
     <gpxtpx:TrackPointExtension>
      <gpxtpx:atemp>9</gpxtpx:atemp>
     </gpxtpx:TrackPointExtension>
    </extensions>
   </trkpt>
   <trkpt lat="52.3782910" lon="4.9059970">
    <ele>-23.6</ele>
    <time>2024-10-10T07:13:20Z</time>
    <extensions>
     <gpxtpx:TrackPointExtension>
      <gpxtpx:atemp>9</gpxtpx:atemp>
     </gpxtpx:TrackPointExtension>
    </extensions>
   </trkpt>
   <trkpt lat="52.3783150" lon="4.9059130">
    <ele>-23.6</ele>
    <time>2024-10-10T07:13:21Z</time>
    <extensions>
     <gpxtpx:TrackPointExtension>
      <gpxtpx:atemp>9</gpxtpx:atemp>
     </gpxtpx:TrackPointExtension>
    </extensions>
   </trkpt>
   <trkpt lat="52.3783440" lon="4.9058270">
    <ele>-23.6</ele>
    <time>2024-10-10T07:13:22Z</time>
    <extensions>
     <gpxtpx:TrackPointExtension>
      <gpxtpx:atemp>9</gpxtpx:atemp>
     </gpxtpx:TrackPointExtension>
    </extensions>
   </trkpt>
   <trkpt lat="52.3783750" lon="4.9057440">
    <ele>-23.4</ele>
    <time>2024-10-10T07:13:23Z</time>
    <extensions>
     <gpxtpx:TrackPointExtension>
      <gpxtpx:atemp>9</gpxtpx:atemp>
     </gpxtpx:TrackPointExtension>
    </extensions>
   </trkpt>
   <trkpt lat="52.3784090" lon="4.9056620">
    <ele>-23.6</ele>
    <time>2024-10-10T07:13:24Z</time>
    <extensions>
     <gpxtpx:TrackPointExtension>
      <gpxtpx:atemp>9</gpxtpx:atemp>
     </gpxtpx:TrackPointExtension>
    </extensions>
   </trkpt>
   <trkpt lat="52.3784400" lon="4.9055750">
    <ele>-23.6</ele>
    <time>2024-10-10T07:13:25Z</time>
    <extensions>
     <gpxtpx:TrackPointExtension>
      <gpxtpx:atemp>9</gpxtpx:atemp>
     </gpxtpx:TrackPointExtension>
    </extensions>
   </trkpt>
   <trkpt lat="52.3784620" lon="4.9054800">
    <ele>-23.8</ele>
    <time>2024-10-10T07:13:26Z</time>
    <extensions>
     <gpxtpx:TrackPointExtension>
      <gpxtpx:atemp>9</gpxtpx:atemp>
     </gpxtpx:TrackPointExtension>
    </extensions>
   </trkpt>
   <trkpt lat="52.3784800" lon="4.9053850">
    <ele>-23.8</ele>
    <time>2024-10-10T07:13:27Z</time>
    <extensions>
     <gpxtpx:TrackPointExtension>
      <gpxtpx:atemp>9</gpxtpx:atemp>
     </gpxtpx:TrackPointExtension>
    </extensions>
   </trkpt>
   <trkpt lat="52.3784960" lon="4.9052880">
    <ele>-23.8</ele>
    <time>2024-10-10T07:13:28Z</time>
    <extensions>
     <gpxtpx:TrackPointExtension>
      <gpxtpx:atemp>9</gpxtpx:atemp>
     </gpxtpx:TrackPointExtension>
    </extensions>
   </trkpt>
   <trkpt lat="52.3785140" lon="4.9051890">
    <ele>-23.8</ele>
    <time>2024-10-10T07:13:29Z</time>
    <extensions>
     <gpxtpx:TrackPointExtension>
      <gpxtpx:atemp>9</gpxtpx:atemp>
     </gpxtpx:TrackPointExtension>
    </extensions>
   </trkpt>
   <trkpt lat="52.3785290" lon="4.9050930">
    <ele>-23.8</ele>
    <time>2024-10-10T07:13:30Z</time>
    <extensions>
     <gpxtpx:TrackPointExtension>
      <gpxtpx:atemp>9</gpxtpx:atemp>
     </gpxtpx:TrackPointExtension>
    </extensions>
   </trkpt>
   <trkpt lat="52.3785430" lon="4.9050000">
    <ele>-23.8</ele>
    <time>2024-10-10T07:13:31Z</time>
    <extensions>
     <gpxtpx:TrackPointExtension>
      <gpxtpx:atemp>9</gpxtpx:atemp>
     </gpxtpx:TrackPointExtension>
    </extensions>
   </trkpt>
   <trkpt lat="52.3785600" lon="4.9049010">
    <ele>-23.8</ele>
    <time>2024-10-10T07:13:32Z</time>
    <extensions>
     <gpxtpx:TrackPointExtension>
      <gpxtpx:atemp>9</gpxtpx:atemp>
     </gpxtpx:TrackPointExtension>
    </extensions>
   </trkpt>
   <trkpt lat="52.3785760" lon="4.9048060">
    <ele>-23.8</ele>
    <time>2024-10-10T07:13:33Z</time>
    <extensions>
     <gpxtpx:TrackPointExtension>
      <gpxtpx:atemp>9</gpxtpx:atemp>
     </gpxtpx:TrackPointExtension>
    </extensions>
   </trkpt>
   <trkpt lat="52.3785960" lon="4.9047140">
    <ele>-24.0</ele>
    <time>2024-10-10T07:13:34Z</time>
    <extensions>
     <gpxtpx:TrackPointExtension>
      <gpxtpx:atemp>9</gpxtpx:atemp>
     </gpxtpx:TrackPointExtension>
    </extensions>
   </trkpt>
   <trkpt lat="52.3786210" lon="4.9046220">
    <ele>-24.4</ele>
    <time>2024-10-10T07:13:35Z</time>
    <extensions>
     <gpxtpx:TrackPointExtension>
      <gpxtpx:atemp>9</gpxtpx:atemp>
     </gpxtpx:TrackPointExtension>
    </extensions>
   </trkpt>
   <trkpt lat="52.3786550" lon="4.9045280">
    <ele>-24.8</ele>
    <time>2024-10-10T07:13:36Z</time>
    <extensions>
     <gpxtpx:TrackPointExtension>
      <gpxtpx:atemp>9</gpxtpx:atemp>
     </gpxtpx:TrackPointExtension>
    </extensions>
   </trkpt>
   <trkpt lat="52.3786870" lon="4.9044350">
    <ele>-25.2</ele>
    <time>2024-10-10T07:13:37Z</time>
    <extensions>
     <gpxtpx:TrackPointExtension>
      <gpxtpx:atemp>9</gpxtpx:atemp>
     </gpxtpx:TrackPointExtension>
    </extensions>
   </trkpt>
   <trkpt lat="52.3787220" lon="4.9043440">
    <ele>-25.2</ele>
    <time>2024-10-10T07:13:38Z</time>
    <extensions>
     <gpxtpx:TrackPointExtension>
      <gpxtpx:atemp>9</gpxtpx:atemp>
     </gpxtpx:TrackPointExtension>
    </extensions>
   </trkpt>
   <trkpt lat="52.3787550" lon="4.9042580">
    <ele>-25.2</ele>
    <time>2024-10-10T07:13:39Z</time>
    <extensions>
     <gpxtpx:TrackPointExtension>
      <gpxtpx:atemp>9</gpxtpx:atemp>
     </gpxtpx:TrackPointExtension>
    </extensions>
   </trkpt>
   <trkpt lat="52.3787850" lon="4.9041720">
    <ele>-25.0</ele>
    <time>2024-10-10T07:13:40Z</time>
    <extensions>
     <gpxtpx:TrackPointExtension>
      <gpxtpx:atemp>9</gpxtpx:atemp>
     </gpxtpx:TrackPointExtension>
    </extensions>
   </trkpt>
   <trkpt lat="52.3788170" lon="4.9040840">
    <ele>-25.0</ele>
    <time>2024-10-10T07:13:41Z</time>
    <extensions>
     <gpxtpx:TrackPointExtension>
      <gpxtpx:atemp>9</gpxtpx:atemp>
     </gpxtpx:TrackPointExtension>
    </extensions>
   </trkpt>
   <trkpt lat="52.3788510" lon="4.9039980">
    <ele>-25.2</ele>
    <time>2024-10-10T07:13:42Z</time>
    <extensions>
     <gpxtpx:TrackPointExtension>
      <gpxtpx:atemp>9</gpxtpx:atemp>
     </gpxtpx:TrackPointExtension>
    </extensions>
   </trkpt>
   <trkpt lat="52.3788820" lon="4.9039160">
    <ele>-25.8</ele>
    <time>2024-10-10T07:13:43Z</time>
    <extensions>
     <gpxtpx:TrackPointExtension>
      <gpxtpx:atemp>9</gpxtpx:atemp>
     </gpxtpx:TrackPointExtension>
    </extensions>
   </trkpt>
   <trkpt lat="52.3789150" lon="4.9038380">
    <ele>-26.0</ele>
    <time>2024-10-10T07:13:44Z</time>
    <extensions>
     <gpxtpx:TrackPointExtension>
      <gpxtpx:atemp>9</gpxtpx:atemp>
     </gpxtpx:TrackPointExtension>
    </extensions>
   </trkpt>
   <trkpt lat="52.3789470" lon="4.9037580">
    <ele>-26.0</ele>
    <time>2024-10-10T07:13:45Z</time>
    <extensions>
     <gpxtpx:TrackPointExtension>
      <gpxtpx:atemp>9</gpxtpx:atemp>
     </gpxtpx:TrackPointExtension>
    </extensions>
   </trkpt>
   <trkpt lat="52.3789810" lon="4.9036780">
    <ele>-26.0</ele>
    <time>2024-10-10T07:13:46Z</time>
    <extensions>
     <gpxtpx:TrackPointExtension>
      <gpxtpx:atemp>9</gpxtpx:atemp>
     </gpxtpx:TrackPointExtension>
    </extensions>
   </trkpt>
   <trkpt lat="52.3790150" lon="4.9035940">
    <ele>-25.8</ele>
    <time>2024-10-10T07:13:47Z</time>
    <extensions>
     <gpxtpx:TrackPointExtension>
      <gpxtpx:atemp>9</gpxtpx:atemp>
     </gpxtpx:TrackPointExtension>
    </extensions>
   </trkpt>
   <trkpt lat="52.3790450" lon="4.9035130">
    <ele>-25.8</ele>
    <time>2024-10-10T07:13:48Z</time>
    <extensions>
     <gpxtpx:TrackPointExtension>
      <gpxtpx:atemp>9</gpxtpx:atemp>
     </gpxtpx:TrackPointExtension>
    </extensions>
   </trkpt>
   <trkpt lat="52.3790740" lon="4.9034300">
    <ele>-26.0</ele>
    <time>2024-10-10T07:13:49Z</time>
    <extensions>
     <gpxtpx:TrackPointExtension>
      <gpxtpx:atemp>9</gpxtpx:atemp>
     </gpxtpx:TrackPointExtension>
    </extensions>
   </trkpt>
   <trkpt lat="52.3791010" lon="4.9033460">
    <ele>-25.6</ele>
    <time>2024-10-10T07:13:50Z</time>
    <extensions>
     <gpxtpx:TrackPointExtension>
      <gpxtpx:atemp>9</gpxtpx:atemp>
     </gpxtpx:TrackPointExtension>
    </extensions>
   </trkpt>
   <trkpt lat="52.3791290" lon="4.9032700">
    <ele>-25.6</ele>
    <time>2024-10-10T07:13:51Z</time>
    <extensions>
     <gpxtpx:TrackPointExtension>
      <gpxtpx:atemp>9</gpxtpx:atemp>
     </gpxtpx:TrackPointExtension>
    </extensions>
   </trkpt>
   <trkpt lat="52.3791640" lon="4.9031750">
    <ele>-25.4</ele>
    <time>2024-10-10T07:13:52Z</time>
    <extensions>
     <gpxtpx:TrackPointExtension>
      <gpxtpx:atemp>9</gpxtpx:atemp>
     </gpxtpx:TrackPointExtension>
    </extensions>
   </trkpt>
   <trkpt lat="52.3791940" lon="4.9030890">
    <ele>-25.2</ele>
    <time>2024-10-10T07:13:53Z</time>
    <extensions>
     <gpxtpx:TrackPointExtension>
      <gpxtpx:atemp>9</gpxtpx:atemp>
     </gpxtpx:TrackPointExtension>
    </extensions>
   </trkpt>
   <trkpt lat="52.3792230" lon="4.9030040">
    <ele>-25.2</ele>
    <time>2024-10-10T07:13:54Z</time>
    <extensions>
     <gpxtpx:TrackPointExtension>
      <gpxtpx:atemp>9</gpxtpx:atemp>
     </gpxtpx:TrackPointExtension>
    </extensions>
   </trkpt>
   <trkpt lat="52.3792520" lon="4.9029190">
    <ele>-25.4</ele>
    <time>2024-10-10T07:13:55Z</time>
    <extensions>
     <gpxtpx:TrackPointExtension>
      <gpxtpx:atemp>9</gpxtpx:atemp>
     </gpxtpx:TrackPointExtension>
    </extensions>
   </trkpt>
   <trkpt lat="52.3792850" lon="4.9028400">
    <ele>-25.6</ele>
    <time>2024-10-10T07:13:56Z</time>
    <extensions>
     <gpxtpx:TrackPointExtension>
      <gpxtpx:atemp>9</gpxtpx:atemp>
     </gpxtpx:TrackPointExtension>
    </extensions>
   </trkpt>
   <trkpt lat="52.3793140" lon="4.9027580">
    <ele>-26.2</ele>
    <time>2024-10-10T07:13:57Z</time>
    <extensions>
     <gpxtpx:TrackPointExtension>
      <gpxtpx:atemp>9</gpxtpx:atemp>
     </gpxtpx:TrackPointExtension>
    </extensions>
   </trkpt>
   <trkpt lat="52.3793400" lon="4.9026740">
    <ele>-26.2</ele>
    <time>2024-10-10T07:13:58Z</time>
    <extensions>
     <gpxtpx:TrackPointExtension>
      <gpxtpx:atemp>9</gpxtpx:atemp>
     </gpxtpx:TrackPointExtension>
    </extensions>
   </trkpt>
   <trkpt lat="52.3793620" lon="4.9025910">
    <ele>-26.2</ele>
    <time>2024-10-10T07:13:59Z</time>
    <extensions>
     <gpxtpx:TrackPointExtension>
      <gpxtpx:atemp>9</gpxtpx:atemp>
     </gpxtpx:TrackPointExtension>
    </extensions>
   </trkpt>
   <trkpt lat="52.3793800" lon="4.9025100">
    <ele>-26.4</ele>
    <time>2024-10-10T07:14:00Z</time>
    <extensions>
     <gpxtpx:TrackPointExtension>
      <gpxtpx:atemp>9</gpxtpx:atemp>
     </gpxtpx:TrackPointExtension>
    </extensions>
   </trkpt>
   <trkpt lat="52.3793940" lon="4.9024330">
    <ele>-26.6</ele>
    <time>2024-10-10T07:14:01Z</time>
    <extensions>
     <gpxtpx:TrackPointExtension>
      <gpxtpx:atemp>9</gpxtpx:atemp>
     </gpxtpx:TrackPointExtension>
    </extensions>
   </trkpt>
   <trkpt lat="52.3794100" lon="4.9023530">
    <ele>-26.6</ele>
    <time>2024-10-10T07:14:02Z</time>
    <extensions>
     <gpxtpx:TrackPointExtension>
      <gpxtpx:atemp>9</gpxtpx:atemp>
     </gpxtpx:TrackPointExtension>
    </extensions>
   </trkpt>
   <trkpt lat="52.3794360" lon="4.9022690">
    <ele>-26.6</ele>
    <time>2024-10-10T07:14:03Z</time>
    <extensions>
     <gpxtpx:TrackPointExtension>
      <gpxtpx:atemp>9</gpxtpx:atemp>
     </gpxtpx:TrackPointExtension>
    </extensions>
   </trkpt>
   <trkpt lat="52.3794600" lon="4.9021860">
    <ele>-26.6</ele>
    <time>2024-10-10T07:14:04Z</time>
    <extensions>
     <gpxtpx:TrackPointExtension>
      <gpxtpx:atemp>9</gpxtpx:atemp>
     </gpxtpx:TrackPointExtension>
    </extensions>
   </trkpt>
   <trkpt lat="52.3794860" lon="4.9021020">
    <ele>-26.4</ele>
    <time>2024-10-10T07:14:05Z</time>
    <extensions>
     <gpxtpx:TrackPointExtension>
      <gpxtpx:atemp>9</gpxtpx:atemp>
     </gpxtpx:TrackPointExtension>
    </extensions>
   </trkpt>
   <trkpt lat="52.3795130" lon="4.9020200">
    <ele>-26.4</ele>
    <time>2024-10-10T07:14:06Z</time>
    <extensions>
     <gpxtpx:TrackPointExtension>
      <gpxtpx:atemp>9</gpxtpx:atemp>
     </gpxtpx:TrackPointExtension>
    </extensions>
   </trkpt>
   <trkpt lat="52.3795380" lon="4.9019380">
    <ele>-26.4</ele>
    <time>2024-10-10T07:14:07Z</time>
    <extensions>
     <gpxtpx:TrackPointExtension>
      <gpxtpx:atemp>9</gpxtpx:atemp>
     </gpxtpx:TrackPointExtension>
    </extensions>
   </trkpt>
   <trkpt lat="52.3795580" lon="4.9018630">
    <ele>-26.4</ele>
    <time>2024-10-10T07:14:08Z</time>
    <extensions>
     <gpxtpx:TrackPointExtension>
      <gpxtpx:atemp>9</gpxtpx:atemp>
     </gpxtpx:TrackPointExtension>
    </extensions>
   </trkpt>
   <trkpt lat="52.3795820" lon="4.9017880">
    <ele>-26.8</ele>
    <time>2024-10-10T07:14:09Z</time>
    <extensions>
     <gpxtpx:TrackPointExtension>
      <gpxtpx:atemp>9</gpxtpx:atemp>
     </gpxtpx:TrackPointExtension>
    </extensions>
   </trkpt>
   <trkpt lat="52.3796130" lon="4.9017020">
    <ele>-26.8</ele>
    <time>2024-10-10T07:14:10Z</time>
    <extensions>
     <gpxtpx:TrackPointExtension>
      <gpxtpx:atemp>9</gpxtpx:atemp>
     </gpxtpx:TrackPointExtension>
    </extensions>
   </trkpt>
   <trkpt lat="52.3796430" lon="4.9016220">
    <ele>-26.8</ele>
    <time>2024-10-10T07:14:11Z</time>
    <extensions>
     <gpxtpx:TrackPointExtension>
      <gpxtpx:atemp>9</gpxtpx:atemp>
     </gpxtpx:TrackPointExtension>
    </extensions>
   </trkpt>
   <trkpt lat="52.3796680" lon="4.9015450">
    <ele>-26.6</ele>
    <time>2024-10-10T07:14:12Z</time>
    <extensions>
     <gpxtpx:TrackPointExtension>
      <gpxtpx:atemp>9</gpxtpx:atemp>
     </gpxtpx:TrackPointExtension>
    </extensions>
   </trkpt>
   <trkpt lat="52.3796930" lon="4.9014670">
    <ele>-26.6</ele>
    <time>2024-10-10T07:14:13Z</time>
    <extensions>
     <gpxtpx:TrackPointExtension>
      <gpxtpx:atemp>9</gpxtpx:atemp>
     </gpxtpx:TrackPointExtension>
    </extensions>
   </trkpt>
   <trkpt lat="52.3797190" lon="4.9013870">
    <ele>-26.4</ele>
    <time>2024-10-10T07:14:14Z</time>
    <extensions>
     <gpxtpx:TrackPointExtension>
      <gpxtpx:atemp>9</gpxtpx:atemp>
     </gpxtpx:TrackPointExtension>
    </extensions>
   </trkpt>
   <trkpt lat="52.3797460" lon="4.9013060">
    <ele>-26.2</ele>
    <time>2024-10-10T07:14:15Z</time>
    <extensions>
     <gpxtpx:TrackPointExtension>
      <gpxtpx:atemp>9</gpxtpx:atemp>
     </gpxtpx:TrackPointExtension>
    </extensions>
   </trkpt>
   <trkpt lat="52.3797720" lon="4.9012270">
    <ele>-26.2</ele>
    <time>2024-10-10T07:14:16Z</time>
    <extensions>
     <gpxtpx:TrackPointExtension>
      <gpxtpx:atemp>9</gpxtpx:atemp>
     </gpxtpx:TrackPointExtension>
    </extensions>
   </trkpt>
   <trkpt lat="52.3797980" lon="4.9011500">
    <ele>-26.0</ele>
    <time>2024-10-10T07:14:17Z</time>
    <extensions>
     <gpxtpx:TrackPointExtension>
      <gpxtpx:atemp>9</gpxtpx:atemp>
     </gpxtpx:TrackPointExtension>
    </extensions>
   </trkpt>
   <trkpt lat="52.3798240" lon="4.9010680">
    <ele>-25.8</ele>
    <time>2024-10-10T07:14:18Z</time>
    <extensions>
     <gpxtpx:TrackPointExtension>
      <gpxtpx:atemp>9</gpxtpx:atemp>
     </gpxtpx:TrackPointExtension>
    </extensions>
   </trkpt>
   <trkpt lat="52.3798450" lon="4.9009910">
    <ele>-25.6</ele>
    <time>2024-10-10T07:14:19Z</time>
    <extensions>
     <gpxtpx:TrackPointExtension>
      <gpxtpx:atemp>9</gpxtpx:atemp>
     </gpxtpx:TrackPointExtension>
    </extensions>
   </trkpt>
   <trkpt lat="52.3798660" lon="4.9009120">
    <ele>-25.4</ele>
    <time>2024-10-10T07:14:20Z</time>
    <extensions>
     <gpxtpx:TrackPointExtension>
      <gpxtpx:atemp>9</gpxtpx:atemp>
     </gpxtpx:TrackPointExtension>
    </extensions>
   </trkpt>
   <trkpt lat="52.3798860" lon="4.9008350">
    <ele>-25.2</ele>
    <time>2024-10-10T07:14:21Z</time>
    <extensions>
     <gpxtpx:TrackPointExtension>
      <gpxtpx:atemp>9</gpxtpx:atemp>
     </gpxtpx:TrackPointExtension>
    </extensions>
   </trkpt>
   <trkpt lat="52.3799100" lon="4.9007500">
    <ele>-25.0</ele>
    <time>2024-10-10T07:14:22Z</time>
    <extensions>
     <gpxtpx:TrackPointExtension>
      <gpxtpx:atemp>9</gpxtpx:atemp>
     </gpxtpx:TrackPointExtension>
    </extensions>
   </trkpt>
   <trkpt lat="52.3799350" lon="4.9006670">
    <ele>-24.6</ele>
    <time>2024-10-10T07:14:23Z</time>
    <extensions>
     <gpxtpx:TrackPointExtension>
      <gpxtpx:atemp>9</gpxtpx:atemp>
     </gpxtpx:TrackPointExtension>
    </extensions>
   </trkpt>
   <trkpt lat="52.3799590" lon="4.9005840">
    <ele>-24.4</ele>
    <time>2024-10-10T07:14:24Z</time>
    <extensions>
     <gpxtpx:TrackPointExtension>
      <gpxtpx:atemp>9</gpxtpx:atemp>
     </gpxtpx:TrackPointExtension>
    </extensions>
   </trkpt>
   <trkpt lat="52.3799860" lon="4.9004970">
    <ele>-24.4</ele>
    <time>2024-10-10T07:14:25Z</time>
    <extensions>
     <gpxtpx:TrackPointExtension>
      <gpxtpx:atemp>9</gpxtpx:atemp>
     </gpxtpx:TrackPointExtension>
    </extensions>
   </trkpt>
   <trkpt lat="52.3800120" lon="4.9004180">
    <ele>-24.4</ele>
    <time>2024-10-10T07:14:26Z</time>
    <extensions>
     <gpxtpx:TrackPointExtension>
      <gpxtpx:atemp>9</gpxtpx:atemp>
     </gpxtpx:TrackPointExtension>
    </extensions>
   </trkpt>
   <trkpt lat="52.3800390" lon="4.9003430">
    <ele>-24.6</ele>
    <time>2024-10-10T07:14:27Z</time>
    <extensions>
     <gpxtpx:TrackPointExtension>
      <gpxtpx:atemp>9</gpxtpx:atemp>
     </gpxtpx:TrackPointExtension>
    </extensions>
   </trkpt>
   <trkpt lat="52.3800660" lon="4.9002570">
    <ele>-24.6</ele>
    <time>2024-10-10T07:14:28Z</time>
    <extensions>
     <gpxtpx:TrackPointExtension>
      <gpxtpx:atemp>9</gpxtpx:atemp>
     </gpxtpx:TrackPointExtension>
    </extensions>
   </trkpt>
   <trkpt lat="52.3800920" lon="4.9001750">
    <ele>-24.6</ele>
    <time>2024-10-10T07:14:29Z</time>
    <extensions>
     <gpxtpx:TrackPointExtension>
      <gpxtpx:atemp>9</gpxtpx:atemp>
     </gpxtpx:TrackPointExtension>
    </extensions>
   </trkpt>
   <trkpt lat="52.3801160" lon="4.9001020">
    <ele>-24.8</ele>
    <time>2024-10-10T07:14:30Z</time>
    <extensions>
     <gpxtpx:TrackPointExtension>
      <gpxtpx:atemp>9</gpxtpx:atemp>
     </gpxtpx:TrackPointExtension>
    </extensions>
   </trkpt>
   <trkpt lat="52.3801440" lon="4.9000320">
    <ele>-24.8</ele>
    <time>2024-10-10T07:14:31Z</time>
    <extensions>
     <gpxtpx:TrackPointExtension>
      <gpxtpx:atemp>9</gpxtpx:atemp>
     </gpxtpx:TrackPointExtension>
    </extensions>
   </trkpt>
   <trkpt lat="52.3801720" lon="4.8999600">
    <ele>-24.8</ele>
    <time>2024-10-10T07:14:32Z</time>
    <extensions>
     <gpxtpx:TrackPointExtension>
      <gpxtpx:atemp>9</gpxtpx:atemp>
     </gpxtpx:TrackPointExtension>
    </extensions>
   </trkpt>
   <trkpt lat="52.3801960" lon="4.8998810">
    <ele>-25.0</ele>
    <time>2024-10-10T07:14:33Z</time>
    <extensions>
     <gpxtpx:TrackPointExtension>
      <gpxtpx:atemp>9</gpxtpx:atemp>
     </gpxtpx:TrackPointExtension>
    </extensions>
   </trkpt>
   <trkpt lat="52.3802240" lon="4.8998010">
    <ele>-25.0</ele>
    <time>2024-10-10T07:14:34Z</time>
    <extensions>
     <gpxtpx:TrackPointExtension>
      <gpxtpx:atemp>9</gpxtpx:atemp>
     </gpxtpx:TrackPointExtension>
    </extensions>
   </trkpt>
   <trkpt lat="52.3802530" lon="4.8997220">
    <ele>-24.8</ele>
    <time>2024-10-10T07:14:35Z</time>
    <extensions>
     <gpxtpx:TrackPointExtension>
      <gpxtpx:atemp>9</gpxtpx:atemp>
     </gpxtpx:TrackPointExtension>
    </extensions>
   </trkpt>
   <trkpt lat="52.3802790" lon="4.8996440">
    <ele>-24.8</ele>
    <time>2024-10-10T07:14:36Z</time>
    <extensions>
     <gpxtpx:TrackPointExtension>
      <gpxtpx:atemp>9</gpxtpx:atemp>
     </gpxtpx:TrackPointExtension>
    </extensions>
   </trkpt>
   <trkpt lat="52.3803070" lon="4.8995680">
    <ele>-25.2</ele>
    <time>2024-10-10T07:14:37Z</time>
    <extensions>
     <gpxtpx:TrackPointExtension>
      <gpxtpx:atemp>9</gpxtpx:atemp>
     </gpxtpx:TrackPointExtension>
    </extensions>
   </trkpt>
   <trkpt lat="52.3803370" lon="4.8994870">
    <ele>-25.2</ele>
    <time>2024-10-10T07:14:38Z</time>
    <extensions>
     <gpxtpx:TrackPointExtension>
      <gpxtpx:atemp>9</gpxtpx:atemp>
     </gpxtpx:TrackPointExtension>
    </extensions>
   </trkpt>
   <trkpt lat="52.3803640" lon="4.8994030">
    <ele>-25.2</ele>
    <time>2024-10-10T07:14:39Z</time>
    <extensions>
     <gpxtpx:TrackPointExtension>
      <gpxtpx:atemp>9</gpxtpx:atemp>
     </gpxtpx:TrackPointExtension>
    </extensions>
   </trkpt>
   <trkpt lat="52.3803920" lon="4.8993240">
    <ele>-25.4</ele>
    <time>2024-10-10T07:14:40Z</time>
    <extensions>
     <gpxtpx:TrackPointExtension>
      <gpxtpx:atemp>9</gpxtpx:atemp>
     </gpxtpx:TrackPointExtension>
    </extensions>
   </trkpt>
   <trkpt lat="52.3804220" lon="4.8992490">
    <ele>-25.4</ele>
    <time>2024-10-10T07:14:41Z</time>
    <extensions>
     <gpxtpx:TrackPointExtension>
      <gpxtpx:atemp>9</gpxtpx:atemp>
     </gpxtpx:TrackPointExtension>
    </extensions>
   </trkpt>
   <trkpt lat="52.3804510" lon="4.8991760">
    <ele>-25.4</ele>
    <time>2024-10-10T07:14:42Z</time>
    <extensions>
     <gpxtpx:TrackPointExtension>
      <gpxtpx:atemp>9</gpxtpx:atemp>
     </gpxtpx:TrackPointExtension>
    </extensions>
   </trkpt>
   <trkpt lat="52.3804780" lon="4.8991050">
    <ele>-25.6</ele>
    <time>2024-10-10T07:14:43Z</time>
    <extensions>
     <gpxtpx:TrackPointExtension>
      <gpxtpx:atemp>9</gpxtpx:atemp>
     </gpxtpx:TrackPointExtension>
    </extensions>
   </trkpt>
   <trkpt lat="52.3805040" lon="4.8990310">
    <ele>-25.4</ele>
    <time>2024-10-10T07:14:44Z</time>
    <extensions>
     <gpxtpx:TrackPointExtension>
      <gpxtpx:atemp>9</gpxtpx:atemp>
     </gpxtpx:TrackPointExtension>
    </extensions>
   </trkpt>
   <trkpt lat="52.3805310" lon="4.8989550">
    <ele>-25.2</ele>
    <time>2024-10-10T07:14:45Z</time>
    <extensions>
     <gpxtpx:TrackPointExtension>
      <gpxtpx:atemp>9</gpxtpx:atemp>
     </gpxtpx:TrackPointExtension>
    </extensions>
   </trkpt>
   <trkpt lat="52.3805650" lon="4.8988690">
    <ele>-25.0</ele>
    <time>2024-10-10T07:14:46Z</time>
    <extensions>
     <gpxtpx:TrackPointExtension>
      <gpxtpx:atemp>9</gpxtpx:atemp>
     </gpxtpx:TrackPointExtension>
    </extensions>
   </trkpt>
   <trkpt lat="52.3806040" lon="4.8987820">
    <ele>-25.2</ele>
    <time>2024-10-10T07:14:47Z</time>
    <extensions>
     <gpxtpx:TrackPointExtension>
      <gpxtpx:atemp>9</gpxtpx:atemp>
     </gpxtpx:TrackPointExtension>
    </extensions>
   </trkpt>
   <trkpt lat="52.3806450" lon="4.8986920">
    <ele>-25.2</ele>
    <time>2024-10-10T07:14:48Z</time>
    <extensions>
     <gpxtpx:TrackPointExtension>
      <gpxtpx:atemp>9</gpxtpx:atemp>
     </gpxtpx:TrackPointExtension>
    </extensions>
   </trkpt>
   <trkpt lat="52.3806900" lon="4.8985940">
    <ele>-25.4</ele>
    <time>2024-10-10T07:14:49Z</time>
    <extensions>
     <gpxtpx:TrackPointExtension>
      <gpxtpx:atemp>9</gpxtpx:atemp>
     </gpxtpx:TrackPointExtension>
    </extensions>
   </trkpt>
   <trkpt lat="52.3807280" lon="4.8984970">
    <ele>-25.4</ele>
    <time>2024-10-10T07:14:50Z</time>
    <extensions>
     <gpxtpx:TrackPointExtension>
      <gpxtpx:atemp>9</gpxtpx:atemp>
     </gpxtpx:TrackPointExtension>
    </extensions>
   </trkpt>
   <trkpt lat="52.3807690" lon="4.8984010">
    <ele>-25.2</ele>
    <time>2024-10-10T07:14:51Z</time>
    <extensions>
     <gpxtpx:TrackPointExtension>
      <gpxtpx:atemp>9</gpxtpx:atemp>
     </gpxtpx:TrackPointExtension>
    </extensions>
   </trkpt>
   <trkpt lat="52.3808100" lon="4.8983080">
    <ele>-25.0</ele>
    <time>2024-10-10T07:14:52Z</time>
    <extensions>
     <gpxtpx:TrackPointExtension>
      <gpxtpx:atemp>9</gpxtpx:atemp>
     </gpxtpx:TrackPointExtension>
    </extensions>
   </trkpt>
   <trkpt lat="52.3808470" lon="4.8982180">
    <ele>-24.8</ele>
    <time>2024-10-10T07:14:53Z</time>
    <extensions>
     <gpxtpx:TrackPointExtension>
      <gpxtpx:atemp>9</gpxtpx:atemp>
     </gpxtpx:TrackPointExtension>
    </extensions>
   </trkpt>
   <trkpt lat="52.3808880" lon="4.8981260">
    <ele>-24.8</ele>
    <time>2024-10-10T07:14:54Z</time>
    <extensions>
     <gpxtpx:TrackPointExtension>
      <gpxtpx:atemp>9</gpxtpx:atemp>
     </gpxtpx:TrackPointExtension>
    </extensions>
   </trkpt>
   <trkpt lat="52.3809270" lon="4.8980390">
    <ele>-24.8</ele>
    <time>2024-10-10T07:14:55Z</time>
    <extensions>
     <gpxtpx:TrackPointExtension>
      <gpxtpx:atemp>9</gpxtpx:atemp>
     </gpxtpx:TrackPointExtension>
    </extensions>
   </trkpt>
   <trkpt lat="52.3809610" lon="4.8979530">
    <ele>-24.8</ele>
    <time>2024-10-10T07:14:56Z</time>
    <extensions>
     <gpxtpx:TrackPointExtension>
      <gpxtpx:atemp>9</gpxtpx:atemp>
     </gpxtpx:TrackPointExtension>
    </extensions>
   </trkpt>
   <trkpt lat="52.3809960" lon="4.8978680">
    <ele>-24.6</ele>
    <time>2024-10-10T07:14:57Z</time>
    <extensions>
     <gpxtpx:TrackPointExtension>
      <gpxtpx:atemp>9</gpxtpx:atemp>
     </gpxtpx:TrackPointExtension>
    </extensions>
   </trkpt>
   <trkpt lat="52.3810320" lon="4.8977830">
    <ele>-24.4</ele>
    <time>2024-10-10T07:14:58Z</time>
    <extensions>
     <gpxtpx:TrackPointExtension>
      <gpxtpx:atemp>9</gpxtpx:atemp>
     </gpxtpx:TrackPointExtension>
    </extensions>
   </trkpt>
   <trkpt lat="52.3810640" lon="4.8977000">
    <ele>-24.0</ele>
    <time>2024-10-10T07:14:59Z</time>
    <extensions>
     <gpxtpx:TrackPointExtension>
      <gpxtpx:atemp>9</gpxtpx:atemp>
     </gpxtpx:TrackPointExtension>
    </extensions>
   </trkpt>
   <trkpt lat="52.3810970" lon="4.8976150">
    <ele>-23.6</ele>
    <time>2024-10-10T07:15:00Z</time>
    <extensions>
     <gpxtpx:TrackPointExtension>
      <gpxtpx:atemp>9</gpxtpx:atemp>
     </gpxtpx:TrackPointExtension>
    </extensions>
   </trkpt>
   <trkpt lat="52.3811290" lon="4.8975290">
    <ele>-23.4</ele>
    <time>2024-10-10T07:15:01Z</time>
    <extensions>
     <gpxtpx:TrackPointExtension>
      <gpxtpx:atemp>9</gpxtpx:atemp>
     </gpxtpx:TrackPointExtension>
    </extensions>
   </trkpt>
   <trkpt lat="52.3811640" lon="4.8974450">
    <ele>-23.0</ele>
    <time>2024-10-10T07:15:02Z</time>
    <extensions>
     <gpxtpx:TrackPointExtension>
      <gpxtpx:atemp>9</gpxtpx:atemp>
     </gpxtpx:TrackPointExtension>
    </extensions>
   </trkpt>
   <trkpt lat="52.3811980" lon="4.8973650">
    <ele>-22.8</ele>
    <time>2024-10-10T07:15:03Z</time>
    <extensions>
     <gpxtpx:TrackPointExtension>
      <gpxtpx:atemp>9</gpxtpx:atemp>
     </gpxtpx:TrackPointExtension>
    </extensions>
   </trkpt>
   <trkpt lat="52.3812290" lon="4.8972870">
    <ele>-22.6</ele>
    <time>2024-10-10T07:15:04Z</time>
    <extensions>
     <gpxtpx:TrackPointExtension>
      <gpxtpx:atemp>9</gpxtpx:atemp>
     </gpxtpx:TrackPointExtension>
    </extensions>
   </trkpt>
   <trkpt lat="52.3812590" lon="4.8972080">
    <ele>-22.4</ele>
    <time>2024-10-10T07:15:05Z</time>
    <extensions>
     <gpxtpx:TrackPointExtension>
      <gpxtpx:atemp>9</gpxtpx:atemp>
     </gpxtpx:TrackPointExtension>
    </extensions>
   </trkpt>
   <trkpt lat="52.3812910" lon="4.8971360">
    <ele>-22.2</ele>
    <time>2024-10-10T07:15:06Z</time>
    <extensions>
     <gpxtpx:TrackPointExtension>
      <gpxtpx:atemp>9</gpxtpx:atemp>
     </gpxtpx:TrackPointExtension>
    </extensions>
   </trkpt>
   <trkpt lat="52.3813190" lon="4.8970680">
    <ele>-21.8</ele>
    <time>2024-10-10T07:15:07Z</time>
    <extensions>
     <gpxtpx:TrackPointExtension>
      <gpxtpx:atemp>9</gpxtpx:atemp>
     </gpxtpx:TrackPointExtension>
    </extensions>
   </trkpt>
   <trkpt lat="52.3813480" lon="4.8970020">
    <ele>-21.6</ele>
    <time>2024-10-10T07:15:08Z</time>
    <extensions>
     <gpxtpx:TrackPointExtension>
      <gpxtpx:atemp>9</gpxtpx:atemp>
     </gpxtpx:TrackPointExtension>
    </extensions>
   </trkpt>
   <trkpt lat="52.3813740" lon="4.8969380">
    <ele>-21.6</ele>
    <time>2024-10-10T07:15:09Z</time>
    <extensions>
     <gpxtpx:TrackPointExtension>
      <gpxtpx:atemp>9</gpxtpx:atemp>
     </gpxtpx:TrackPointExtension>
    </extensions>
   </trkpt>
   <trkpt lat="52.3814010" lon="4.8968690">
    <ele>-21.6</ele>
    <time>2024-10-10T07:15:10Z</time>
    <extensions>
     <gpxtpx:TrackPointExtension>
      <gpxtpx:atemp>9</gpxtpx:atemp>
     </gpxtpx:TrackPointExtension>
    </extensions>
   </trkpt>
   <trkpt lat="52.3814250" lon="4.8968110">
    <ele>-21.8</ele>
    <time>2024-10-10T07:15:11Z</time>
    <extensions>
     <gpxtpx:TrackPointExtension>
      <gpxtpx:atemp>9</gpxtpx:atemp>
     </gpxtpx:TrackPointExtension>
    </extensions>
   </trkpt>
   <trkpt lat="52.3814430" lon="4.8967650">
    <ele>-22.2</ele>
    <time>2024-10-10T07:15:12Z</time>
    <extensions>
     <gpxtpx:TrackPointExtension>
      <gpxtpx:atemp>9</gpxtpx:atemp>
     </gpxtpx:TrackPointExtension>
    </extensions>
   </trkpt>
   <trkpt lat="52.3814600" lon="4.8966990">
    <ele>-21.2</ele>
    <time>2024-10-10T07:15:29Z</time>
    <extensions>
     <gpxtpx:TrackPointExtension>
      <gpxtpx:atemp>9</gpxtpx:atemp>
     </gpxtpx:TrackPointExtension>
    </extensions>
   </trkpt>
   <trkpt lat="52.3814390" lon="4.8966750">
    <ele>-21.2</ele>
    <time>2024-10-10T07:15:30Z</time>
    <extensions>
     <gpxtpx:TrackPointExtension>
      <gpxtpx:atemp>9</gpxtpx:atemp>
     </gpxtpx:TrackPointExtension>
    </extensions>
   </trkpt>
   <trkpt lat="52.3814120" lon="4.8966490">
    <ele>-21.2</ele>
    <time>2024-10-10T07:15:31Z</time>
    <extensions>
     <gpxtpx:TrackPointExtension>
      <gpxtpx:atemp>9</gpxtpx:atemp>
     </gpxtpx:TrackPointExtension>
    </extensions>
   </trkpt>
   <trkpt lat="52.3813820" lon="4.8966180">
    <ele>-21.0</ele>
    <time>2024-10-10T07:15:32Z</time>
    <extensions>
     <gpxtpx:TrackPointExtension>
      <gpxtpx:atemp>9</gpxtpx:atemp>
     </gpxtpx:TrackPointExtension>
    </extensions>
   </trkpt>
   <trkpt lat="52.3813440" lon="4.8965850">
    <ele>-21.0</ele>
    <time>2024-10-10T07:15:33Z</time>
    <extensions>
     <gpxtpx:TrackPointExtension>
      <gpxtpx:atemp>9</gpxtpx:atemp>
     </gpxtpx:TrackPointExtension>
    </extensions>
   </trkpt>
   <trkpt lat="52.3813030" lon="4.8965520">
    <ele>-21.0</ele>
    <time>2024-10-10T07:15:34Z</time>
    <extensions>
     <gpxtpx:TrackPointExtension>
      <gpxtpx:atemp>9</gpxtpx:atemp>
     </gpxtpx:TrackPointExtension>
    </extensions>
   </trkpt>
   <trkpt lat="52.3812560" lon="4.8965320">
    <ele>-21.0</ele>
    <time>2024-10-10T07:15:35Z</time>
    <extensions>
     <gpxtpx:TrackPointExtension>
      <gpxtpx:atemp>9</gpxtpx:atemp>
     </gpxtpx:TrackPointExtension>
    </extensions>
   </trkpt>
   <trkpt lat="52.3812090" lon="4.8965450">
    <ele>-20.8</ele>
    <time>2024-10-10T07:15:36Z</time>
    <extensions>
     <gpxtpx:TrackPointExtension>
      <gpxtpx:atemp>9</gpxtpx:atemp>
     </gpxtpx:TrackPointExtension>
    </extensions>
   </trkpt>
   <trkpt lat="52.3811700" lon="4.8965900">
    <ele>-20.8</ele>
    <time>2024-10-10T07:15:37Z</time>
    <extensions>
     <gpxtpx:TrackPointExtension>
      <gpxtpx:atemp>9</gpxtpx:atemp>
     </gpxtpx:TrackPointExtension>
    </extensions>
   </trkpt>
   <trkpt lat="52.3811350" lon="4.8966470">
    <ele>-20.8</ele>
    <time>2024-10-10T07:15:38Z</time>
    <extensions>
     <gpxtpx:TrackPointExtension>
      <gpxtpx:atemp>9</gpxtpx:atemp>
     </gpxtpx:TrackPointExtension>
    </extensions>
   </trkpt>
   <trkpt lat="52.3811010" lon="4.8967090">
    <ele>-20.8</ele>
    <time>2024-10-10T07:15:39Z</time>
    <extensions>
     <gpxtpx:TrackPointExtension>
      <gpxtpx:atemp>9</gpxtpx:atemp>
     </gpxtpx:TrackPointExtension>
    </extensions>
   </trkpt>
   <trkpt lat="52.3810680" lon="4.8967670">
    <ele>-20.8</ele>
    <time>2024-10-10T07:15:40Z</time>
    <extensions>
     <gpxtpx:TrackPointExtension>
      <gpxtpx:atemp>9</gpxtpx:atemp>
     </gpxtpx:TrackPointExtension>
    </extensions>
   </trkpt>
   <trkpt lat="52.3810390" lon="4.8968170">
    <ele>-20.8</ele>
    <time>2024-10-10T07:15:41Z</time>
    <extensions>
     <gpxtpx:TrackPointExtension>
      <gpxtpx:atemp>9</gpxtpx:atemp>
     </gpxtpx:TrackPointExtension>
    </extensions>
   </trkpt>
   <trkpt lat="52.3809960" lon="4.8968850">
    <ele>-21.0</ele>
    <time>2024-10-10T07:15:42Z</time>
    <extensions>
     <gpxtpx:TrackPointExtension>
      <gpxtpx:atemp>9</gpxtpx:atemp>
     </gpxtpx:TrackPointExtension>
    </extensions>
   </trkpt>
   <trkpt lat="52.3809530" lon="4.8969330">
    <ele>-21.0</ele>
    <time>2024-10-10T07:15:43Z</time>
    <extensions>
     <gpxtpx:TrackPointExtension>
      <gpxtpx:atemp>9</gpxtpx:atemp>
     </gpxtpx:TrackPointExtension>
    </extensions>
   </trkpt>
   <trkpt lat="52.3809030" lon="4.8969600">
    <ele>-21.4</ele>
    <time>2024-10-10T07:15:44Z</time>
    <extensions>
     <gpxtpx:TrackPointExtension>
      <gpxtpx:atemp>9</gpxtpx:atemp>
     </gpxtpx:TrackPointExtension>
    </extensions>
   </trkpt>
   <trkpt lat="52.3808430" lon="4.8969470">
    <ele>-21.6</ele>
    <time>2024-10-10T07:15:45Z</time>
    <extensions>
     <gpxtpx:TrackPointExtension>
      <gpxtpx:atemp>9</gpxtpx:atemp>
     </gpxtpx:TrackPointExtension>
    </extensions>
   </trkpt>
   <trkpt lat="52.3807870" lon="4.8969040">
    <ele>-22.2</ele>
    <time>2024-10-10T07:15:46Z</time>
    <extensions>
     <gpxtpx:TrackPointExtension>
      <gpxtpx:atemp>9</gpxtpx:atemp>
     </gpxtpx:TrackPointExtension>
    </extensions>
   </trkpt>
   <trkpt lat="52.3807390" lon="4.8968440">
    <ele>-22.6</ele>
    <time>2024-10-10T07:15:47Z</time>
    <extensions>
     <gpxtpx:TrackPointExtension>
      <gpxtpx:atemp>9</gpxtpx:atemp>
     </gpxtpx:TrackPointExtension>
    </extensions>
   </trkpt>
   <trkpt lat="52.3806940" lon="4.8967790">
    <ele>-23.2</ele>
    <time>2024-10-10T07:15:48Z</time>
    <extensions>
     <gpxtpx:TrackPointExtension>
      <gpxtpx:atemp>10</gpxtpx:atemp>
     </gpxtpx:TrackPointExtension>
    </extensions>
   </trkpt>
   <trkpt lat="52.3806500" lon="4.8967220">
    <ele>-23.6</ele>
    <time>2024-10-10T07:15:49Z</time>
    <extensions>
     <gpxtpx:TrackPointExtension>
      <gpxtpx:atemp>10</gpxtpx:atemp>
     </gpxtpx:TrackPointExtension>
    </extensions>
   </trkpt>
   <trkpt lat="52.3806010" lon="4.8966680">
    <ele>-24.0</ele>
    <time>2024-10-10T07:15:50Z</time>
    <extensions>
     <gpxtpx:TrackPointExtension>
      <gpxtpx:atemp>10</gpxtpx:atemp>
     </gpxtpx:TrackPointExtension>
    </extensions>
   </trkpt>
   <trkpt lat="52.3805510" lon="4.8966180">
    <ele>-24.2</ele>
    <time>2024-10-10T07:15:51Z</time>
    <extensions>
     <gpxtpx:TrackPointExtension>
      <gpxtpx:atemp>10</gpxtpx:atemp>
     </gpxtpx:TrackPointExtension>
    </extensions>
   </trkpt>
   <trkpt lat="52.3805030" lon="4.8965720">
    <ele>-24.4</ele>
    <time>2024-10-10T07:15:52Z</time>
    <extensions>
     <gpxtpx:TrackPointExtension>
      <gpxtpx:atemp>10</gpxtpx:atemp>
     </gpxtpx:TrackPointExtension>
    </extensions>
   </trkpt>
   <trkpt lat="52.3804550" lon="4.8965300">
    <ele>-24.4</ele>
    <time>2024-10-10T07:15:53Z</time>
    <extensions>
     <gpxtpx:TrackPointExtension>
      <gpxtpx:atemp>10</gpxtpx:atemp>
     </gpxtpx:TrackPointExtension>
    </extensions>
   </trkpt>
   <trkpt lat="52.3804020" lon="4.8964930">
    <ele>-24.6</ele>
    <time>2024-10-10T07:15:54Z</time>
    <extensions>
     <gpxtpx:TrackPointExtension>
      <gpxtpx:atemp>10</gpxtpx:atemp>
     </gpxtpx:TrackPointExtension>
    </extensions>
   </trkpt>
   <trkpt lat="52.3803510" lon="4.8964600">
    <ele>-24.6</ele>
    <time>2024-10-10T07:15:55Z</time>
    <extensions>
     <gpxtpx:TrackPointExtension>
      <gpxtpx:atemp>10</gpxtpx:atemp>
     </gpxtpx:TrackPointExtension>
    </extensions>
   </trkpt>
   <trkpt lat="52.3803010" lon="4.8964300">
    <ele>-24.6</ele>
    <time>2024-10-10T07:15:56Z</time>
    <extensions>
     <gpxtpx:TrackPointExtension>
      <gpxtpx:atemp>10</gpxtpx:atemp>
     </gpxtpx:TrackPointExtension>
    </extensions>
   </trkpt>
   <trkpt lat="52.3802580" lon="4.8963930">
    <ele>-24.4</ele>
    <time>2024-10-10T07:15:57Z</time>
    <extensions>
     <gpxtpx:TrackPointExtension>
      <gpxtpx:atemp>10</gpxtpx:atemp>
     </gpxtpx:TrackPointExtension>
    </extensions>
   </trkpt>
   <trkpt lat="52.3802080" lon="4.8963600">
    <ele>-24.4</ele>
    <time>2024-10-10T07:15:58Z</time>
    <extensions>
     <gpxtpx:TrackPointExtension>
      <gpxtpx:atemp>10</gpxtpx:atemp>
     </gpxtpx:TrackPointExtension>
    </extensions>
   </trkpt>
   <trkpt lat="52.3801500" lon="4.8963370">
    <ele>-24.4</ele>
    <time>2024-10-10T07:15:59Z</time>
    <extensions>
     <gpxtpx:TrackPointExtension>
      <gpxtpx:atemp>10</gpxtpx:atemp>
     </gpxtpx:TrackPointExtension>
    </extensions>
   </trkpt>
   <trkpt lat="52.3801030" lon="4.8962680">
    <ele>-24.2</ele>
    <time>2024-10-10T07:16:00Z</time>
    <extensions>
     <gpxtpx:TrackPointExtension>
      <gpxtpx:atemp>10</gpxtpx:atemp>
     </gpxtpx:TrackPointExtension>
    </extensions>
   </trkpt>
   <trkpt lat="52.3800520" lon="4.8962150">
    <ele>-24.2</ele>
    <time>2024-10-10T07:16:01Z</time>
    <extensions>
     <gpxtpx:TrackPointExtension>
      <gpxtpx:atemp>10</gpxtpx:atemp>
     </gpxtpx:TrackPointExtension>
    </extensions>
   </trkpt>
   <trkpt lat="52.3799590" lon="4.8962370">
    <ele>-24.0</ele>
    <time>2024-10-10T07:16:02Z</time>
    <extensions>
     <gpxtpx:TrackPointExtension>
      <gpxtpx:atemp>10</gpxtpx:atemp>
     </gpxtpx:TrackPointExtension>
    </extensions>
   </trkpt>
   <trkpt lat="52.3798980" lon="4.8961940">
    <ele>-23.8</ele>
    <time>2024-10-10T07:16:03Z</time>
    <extensions>
     <gpxtpx:TrackPointExtension>
      <gpxtpx:atemp>10</gpxtpx:atemp>
     </gpxtpx:TrackPointExtension>
    </extensions>
   </trkpt>
   <trkpt lat="52.3798470" lon="4.8961660">
    <ele>-23.6</ele>
    <time>2024-10-10T07:16:04Z</time>
    <extensions>
     <gpxtpx:TrackPointExtension>
      <gpxtpx:atemp>10</gpxtpx:atemp>
     </gpxtpx:TrackPointExtension>
    </extensions>
   </trkpt>
   <trkpt lat="52.3798020" lon="4.8961390">
    <ele>-23.2</ele>
    <time>2024-10-10T07:16:05Z</time>
    <extensions>
     <gpxtpx:TrackPointExtension>
      <gpxtpx:atemp>10</gpxtpx:atemp>
     </gpxtpx:TrackPointExtension>
    </extensions>
   </trkpt>
   <trkpt lat="52.3797630" lon="4.8961020">
    <ele>-22.8</ele>
    <time>2024-10-10T07:16:06Z</time>
    <extensions>
     <gpxtpx:TrackPointExtension>
      <gpxtpx:atemp>10</gpxtpx:atemp>
     </gpxtpx:TrackPointExtension>
    </extensions>
   </trkpt>
   <trkpt lat="52.3797300" lon="4.8960420">
    <ele>-22.4</ele>
    <time>2024-10-10T07:16:07Z</time>
    <extensions>
     <gpxtpx:TrackPointExtension>
      <gpxtpx:atemp>10</gpxtpx:atemp>
     </gpxtpx:TrackPointExtension>
    </extensions>
   </trkpt>
   <trkpt lat="52.3796910" lon="4.8959760">
    <ele>-22.2</ele>
    <time>2024-10-10T07:16:08Z</time>
    <extensions>
     <gpxtpx:TrackPointExtension>
      <gpxtpx:atemp>10</gpxtpx:atemp>
     </gpxtpx:TrackPointExtension>
    </extensions>
   </trkpt>
   <trkpt lat="52.3796510" lon="4.8959100">
    <ele>-22.0</ele>
    <time>2024-10-10T07:16:09Z</time>
    <extensions>
     <gpxtpx:TrackPointExtension>
      <gpxtpx:atemp>10</gpxtpx:atemp>
     </gpxtpx:TrackPointExtension>
    </extensions>
   </trkpt>
   <trkpt lat="52.3796120" lon="4.8958520">
    <ele>-22.0</ele>
    <time>2024-10-10T07:16:10Z</time>
    <extensions>
     <gpxtpx:TrackPointExtension>
      <gpxtpx:atemp>10</gpxtpx:atemp>
     </gpxtpx:TrackPointExtension>
    </extensions>
   </trkpt>
   <trkpt lat="52.3795770" lon="4.8957970">
    <ele>-22.0</ele>
    <time>2024-10-10T07:16:11Z</time>
    <extensions>
     <gpxtpx:TrackPointExtension>
      <gpxtpx:atemp>10</gpxtpx:atemp>
     </gpxtpx:TrackPointExtension>
    </extensions>
   </trkpt>
   <trkpt lat="52.3795550" lon="4.8957420">
    <ele>-22.4</ele>
    <time>2024-10-10T07:16:12Z</time>
    <extensions>
     <gpxtpx:TrackPointExtension>
      <gpxtpx:atemp>10</gpxtpx:atemp>
     </gpxtpx:TrackPointExtension>
    </extensions>
   </trkpt>
   <trkpt lat="52.3795510" lon="4.8956840">
    <ele>-22.6</ele>
    <time>2024-10-10T07:16:13Z</time>
    <extensions>
     <gpxtpx:TrackPointExtension>
      <gpxtpx:atemp>10</gpxtpx:atemp>
     </gpxtpx:TrackPointExtension>
    </extensions>
   </trkpt>
   <trkpt lat="52.3795630" lon="4.8956230">
    <ele>-23.0</ele>
    <time>2024-10-10T07:16:14Z</time>
    <extensions>
     <gpxtpx:TrackPointExtension>
      <gpxtpx:atemp>10</gpxtpx:atemp>
     </gpxtpx:TrackPointExtension>
    </extensions>
   </trkpt>
   <trkpt lat="52.3795790" lon="4.8955610">
    <ele>-23.2</ele>
    <time>2024-10-10T07:16:15Z</time>
    <extensions>
     <gpxtpx:TrackPointExtension>
      <gpxtpx:atemp>10</gpxtpx:atemp>
     </gpxtpx:TrackPointExtension>
    </extensions>
   </trkpt>
   <trkpt lat="52.3795910" lon="4.8955010">
    <ele>-23.4</ele>
    <time>2024-10-10T07:16:16Z</time>
    <extensions>
     <gpxtpx:TrackPointExtension>
      <gpxtpx:atemp>10</gpxtpx:atemp>
     </gpxtpx:TrackPointExtension>
    </extensions>
   </trkpt>
   <trkpt lat="52.3795980" lon="4.8954410">
    <ele>-23.6</ele>
    <time>2024-10-10T07:16:17Z</time>
    <extensions>
     <gpxtpx:TrackPointExtension>
      <gpxtpx:atemp>10</gpxtpx:atemp>
     </gpxtpx:TrackPointExtension>
    </extensions>
   </trkpt>
   <trkpt lat="52.3795990" lon="4.8953820">
    <ele>-23.8</ele>
    <time>2024-10-10T07:16:18Z</time>
    <extensions>
     <gpxtpx:TrackPointExtension>
      <gpxtpx:atemp>10</gpxtpx:atemp>
     </gpxtpx:TrackPointExtension>
    </extensions>
   </trkpt>
   <trkpt lat="52.3795930" lon="4.8953170">
    <ele>-23.8</ele>
    <time>2024-10-10T07:16:19Z</time>
    <extensions>
     <gpxtpx:TrackPointExtension>
      <gpxtpx:atemp>10</gpxtpx:atemp>
     </gpxtpx:TrackPointExtension>
    </extensions>
   </trkpt>
   <trkpt lat="52.3795780" lon="4.8952430">
    <ele>-24.0</ele>
    <time>2024-10-10T07:16:20Z</time>
    <extensions>
     <gpxtpx:TrackPointExtension>
      <gpxtpx:atemp>10</gpxtpx:atemp>
     </gpxtpx:TrackPointExtension>
    </extensions>
   </trkpt>
   <trkpt lat="52.3795430" lon="4.8951660">
    <ele>-24.0</ele>
    <time>2024-10-10T07:16:21Z</time>
    <extensions>
     <gpxtpx:TrackPointExtension>
      <gpxtpx:atemp>10</gpxtpx:atemp>
     </gpxtpx:TrackPointExtension>
    </extensions>
   </trkpt>
   <trkpt lat="52.3794870" lon="4.8951010">
    <ele>-24.2</ele>
    <time>2024-10-10T07:16:22Z</time>
    <extensions>
     <gpxtpx:TrackPointExtension>
      <gpxtpx:atemp>10</gpxtpx:atemp>
     </gpxtpx:TrackPointExtension>
    </extensions>
   </trkpt>
   <trkpt lat="52.3794270" lon="4.8950400">
    <ele>-24.2</ele>
    <time>2024-10-10T07:16:23Z</time>
    <extensions>
     <gpxtpx:TrackPointExtension>
      <gpxtpx:atemp>10</gpxtpx:atemp>
     </gpxtpx:TrackPointExtension>
    </extensions>
   </trkpt>
   <trkpt lat="52.3793670" lon="4.8949710">
    <ele>-23.8</ele>
    <time>2024-10-10T07:16:24Z</time>
    <extensions>
     <gpxtpx:TrackPointExtension>
      <gpxtpx:atemp>10</gpxtpx:atemp>
     </gpxtpx:TrackPointExtension>
    </extensions>
   </trkpt>
   <trkpt lat="52.3793100" lon="4.8949040">
    <ele>-23.6</ele>
    <time>2024-10-10T07:16:25Z</time>
    <extensions>
     <gpxtpx:TrackPointExtension>
      <gpxtpx:atemp>10</gpxtpx:atemp>
     </gpxtpx:TrackPointExtension>
    </extensions>
   </trkpt>
   <trkpt lat="52.3792580" lon="4.8948400">
    <ele>-23.4</ele>
    <time>2024-10-10T07:16:26Z</time>
    <extensions>
     <gpxtpx:TrackPointExtension>
      <gpxtpx:atemp>10</gpxtpx:atemp>
     </gpxtpx:TrackPointExtension>
    </extensions>
   </trkpt>
   <trkpt lat="52.3792100" lon="4.8947750">
    <ele>-23.2</ele>
    <time>2024-10-10T07:16:27Z</time>
    <extensions>
     <gpxtpx:TrackPointExtension>
      <gpxtpx:atemp>10</gpxtpx:atemp>
     </gpxtpx:TrackPointExtension>
    </extensions>
   </trkpt>
   <trkpt lat="52.3791680" lon="4.8947040">
    <ele>-22.8</ele>
    <time>2024-10-10T07:16:28Z</time>
    <extensions>
     <gpxtpx:TrackPointExtension>
      <gpxtpx:atemp>10</gpxtpx:atemp>
     </gpxtpx:TrackPointExtension>
    </extensions>
   </trkpt>
   <trkpt lat="52.3791420" lon="4.8946280">
    <ele>-22.6</ele>
    <time>2024-10-10T07:16:29Z</time>
    <extensions>
     <gpxtpx:TrackPointExtension>
      <gpxtpx:atemp>10</gpxtpx:atemp>
     </gpxtpx:TrackPointExtension>
    </extensions>
   </trkpt>
   <trkpt lat="52.3791360" lon="4.8945480">
    <ele>-22.4</ele>
    <time>2024-10-10T07:16:30Z</time>
    <extensions>
     <gpxtpx:TrackPointExtension>
      <gpxtpx:atemp>10</gpxtpx:atemp>
     </gpxtpx:TrackPointExtension>
    </extensions>
   </trkpt>
   <trkpt lat="52.3791540" lon="4.8944790">
    <ele>-22.4</ele>
    <time>2024-10-10T07:16:31Z</time>
    <extensions>
     <gpxtpx:TrackPointExtension>
      <gpxtpx:atemp>10</gpxtpx:atemp>
     </gpxtpx:TrackPointExtension>
    </extensions>
   </trkpt>
   <trkpt lat="52.3791830" lon="4.8944160">
    <ele>-22.4</ele>
    <time>2024-10-10T07:16:32Z</time>
    <extensions>
     <gpxtpx:TrackPointExtension>
      <gpxtpx:atemp>10</gpxtpx:atemp>
     </gpxtpx:TrackPointExtension>
    </extensions>
   </trkpt>
   <trkpt lat="52.3792190" lon="4.8943530">
    <ele>-22.6</ele>
    <time>2024-10-10T07:16:33Z</time>
    <extensions>
     <gpxtpx:TrackPointExtension>
      <gpxtpx:atemp>10</gpxtpx:atemp>
     </gpxtpx:TrackPointExtension>
    </extensions>
   </trkpt>
   <trkpt lat="52.3792580" lon="4.8942870">
    <ele>-22.8</ele>
    <time>2024-10-10T07:16:34Z</time>
    <extensions>
     <gpxtpx:TrackPointExtension>
      <gpxtpx:atemp>10</gpxtpx:atemp>
     </gpxtpx:TrackPointExtension>
    </extensions>
   </trkpt>
   <trkpt lat="52.3793000" lon="4.8942130">
    <ele>-23.2</ele>
    <time>2024-10-10T07:16:35Z</time>
    <extensions>
     <gpxtpx:TrackPointExtension>
      <gpxtpx:atemp>10</gpxtpx:atemp>
     </gpxtpx:TrackPointExtension>
    </extensions>
   </trkpt>
   <trkpt lat="52.3793450" lon="4.8941340">
    <ele>-23.6</ele>
    <time>2024-10-10T07:16:36Z</time>
    <extensions>
     <gpxtpx:TrackPointExtension>
      <gpxtpx:atemp>10</gpxtpx:atemp>
     </gpxtpx:TrackPointExtension>
    </extensions>
   </trkpt>
   <trkpt lat="52.3793880" lon="4.8940620">
    <ele>-24.0</ele>
    <time>2024-10-10T07:16:37Z</time>
    <extensions>
     <gpxtpx:TrackPointExtension>
      <gpxtpx:atemp>10</gpxtpx:atemp>
     </gpxtpx:TrackPointExtension>
    </extensions>
   </trkpt>
   <trkpt lat="52.3794300" lon="4.8939880">
    <ele>-24.2</ele>
    <time>2024-10-10T07:16:38Z</time>
    <extensions>
     <gpxtpx:TrackPointExtension>
      <gpxtpx:atemp>10</gpxtpx:atemp>
     </gpxtpx:TrackPointExtension>
    </extensions>
   </trkpt>
   <trkpt lat="52.3794730" lon="4.8939120">
    <ele>-24.0</ele>
    <time>2024-10-10T07:16:39Z</time>
    <extensions>
     <gpxtpx:TrackPointExtension>
      <gpxtpx:atemp>10</gpxtpx:atemp>
     </gpxtpx:TrackPointExtension>
    </extensions>
   </trkpt>
   <trkpt lat="52.3795190" lon="4.8938360">
    <ele>-23.8</ele>
    <time>2024-10-10T07:16:40Z</time>
    <extensions>
     <gpxtpx:TrackPointExtension>
      <gpxtpx:atemp>10</gpxtpx:atemp>
     </gpxtpx:TrackPointExtension>
    </extensions>
   </trkpt>
   <trkpt lat="52.3795640" lon="4.8937610">
    <ele>-23.8</ele>
    <time>2024-10-10T07:16:41Z</time>
    <extensions>
     <gpxtpx:TrackPointExtension>
      <gpxtpx:atemp>10</gpxtpx:atemp>
     </gpxtpx:TrackPointExtension>
    </extensions>
   </trkpt>
   <trkpt lat="52.3796040" lon="4.8936830">
    <ele>-24.0</ele>
    <time>2024-10-10T07:16:42Z</time>
    <extensions>
     <gpxtpx:TrackPointExtension>
      <gpxtpx:atemp>10</gpxtpx:atemp>
     </gpxtpx:TrackPointExtension>
    </extensions>
   </trkpt>
   <trkpt lat="52.3796410" lon="4.8936090">
    <ele>-24.2</ele>
    <time>2024-10-10T07:16:43Z</time>
    <extensions>
     <gpxtpx:TrackPointExtension>
      <gpxtpx:atemp>10</gpxtpx:atemp>
     </gpxtpx:TrackPointExtension>
    </extensions>
   </trkpt>
   <trkpt lat="52.3796760" lon="4.8935370">
    <ele>-24.2</ele>
    <time>2024-10-10T07:16:44Z</time>
    <extensions>
     <gpxtpx:TrackPointExtension>
      <gpxtpx:atemp>10</gpxtpx:atemp>
     </gpxtpx:TrackPointExtension>
    </extensions>
   </trkpt>
   <trkpt lat="52.3797060" lon="4.8934180">
    <ele>-24.2</ele>
    <time>2024-10-10T07:16:45Z</time>
    <extensions>
     <gpxtpx:TrackPointExtension>
      <gpxtpx:atemp>10</gpxtpx:atemp>
     </gpxtpx:TrackPointExtension>
    </extensions>
   </trkpt>
   <trkpt lat="52.3797400" lon="4.8933150">
    <ele>-24.0</ele>
    <time>2024-10-10T07:16:46Z</time>
    <extensions>
     <gpxtpx:TrackPointExtension>
      <gpxtpx:atemp>10</gpxtpx:atemp>
     </gpxtpx:TrackPointExtension>
    </extensions>
   </trkpt>
   <trkpt lat="52.3797810" lon="4.8932450">
    <ele>-24.0</ele>
    <time>2024-10-10T07:16:47Z</time>
    <extensions>
     <gpxtpx:TrackPointExtension>
      <gpxtpx:atemp>10</gpxtpx:atemp>
     </gpxtpx:TrackPointExtension>
    </extensions>
   </trkpt>
   <trkpt lat="52.3798230" lon="4.8931760">
    <ele>-23.6</ele>
    <time>2024-10-10T07:16:48Z</time>
    <extensions>
     <gpxtpx:TrackPointExtension>
      <gpxtpx:atemp>10</gpxtpx:atemp>
     </gpxtpx:TrackPointExtension>
    </extensions>
   </trkpt>
   <trkpt lat="52.3798670" lon="4.8931090">
    <ele>-23.6</ele>
    <time>2024-10-10T07:16:49Z</time>
    <extensions>
     <gpxtpx:TrackPointExtension>
      <gpxtpx:atemp>10</gpxtpx:atemp>
     </gpxtpx:TrackPointExtension>
    </extensions>
   </trkpt>
   <trkpt lat="52.3799110" lon="4.8930410">
    <ele>-23.4</ele>
    <time>2024-10-10T07:16:50Z</time>
    <extensions>
     <gpxtpx:TrackPointExtension>
      <gpxtpx:atemp>10</gpxtpx:atemp>
     </gpxtpx:TrackPointExtension>
    </extensions>
   </trkpt>
   <trkpt lat="52.3799540" lon="4.8929730">
    <ele>-23.2</ele>
    <time>2024-10-10T07:16:51Z</time>
    <extensions>
     <gpxtpx:TrackPointExtension>
      <gpxtpx:atemp>10</gpxtpx:atemp>
     </gpxtpx:TrackPointExtension>
    </extensions>
   </trkpt>
   <trkpt lat="52.3799990" lon="4.8929020">
    <ele>-23.0</ele>
    <time>2024-10-10T07:16:52Z</time>
    <extensions>
     <gpxtpx:TrackPointExtension>
      <gpxtpx:atemp>10</gpxtpx:atemp>
     </gpxtpx:TrackPointExtension>
    </extensions>
   </trkpt>
   <trkpt lat="52.3800440" lon="4.8928300">
    <ele>-22.8</ele>
    <time>2024-10-10T07:16:53Z</time>
    <extensions>
     <gpxtpx:TrackPointExtension>
      <gpxtpx:atemp>10</gpxtpx:atemp>
     </gpxtpx:TrackPointExtension>
    </extensions>
   </trkpt>
   <trkpt lat="52.3800830" lon="4.8927570">
    <ele>-22.6</ele>
    <time>2024-10-10T07:16:54Z</time>
    <extensions>
     <gpxtpx:TrackPointExtension>
      <gpxtpx:atemp>10</gpxtpx:atemp>
     </gpxtpx:TrackPointExtension>
    </extensions>
   </trkpt>
   <trkpt lat="52.3801170" lon="4.8926810">
    <ele>-22.6</ele>
    <time>2024-10-10T07:16:55Z</time>
    <extensions>
     <gpxtpx:TrackPointExtension>
      <gpxtpx:atemp>10</gpxtpx:atemp>
     </gpxtpx:TrackPointExtension>
    </extensions>
   </trkpt>
   <trkpt lat="52.3801460" lon="4.8925970">
    <ele>-22.6</ele>
    <time>2024-10-10T07:16:56Z</time>
    <extensions>
     <gpxtpx:TrackPointExtension>
      <gpxtpx:atemp>10</gpxtpx:atemp>
     </gpxtpx:TrackPointExtension>
    </extensions>
   </trkpt>
   <trkpt lat="52.3801710" lon="4.8925040">
    <ele>-22.6</ele>
    <time>2024-10-10T07:16:57Z</time>
    <extensions>
     <gpxtpx:TrackPointExtension>
      <gpxtpx:atemp>10</gpxtpx:atemp>
     </gpxtpx:TrackPointExtension>
    </extensions>
   </trkpt>
   <trkpt lat="52.3801910" lon="4.8924140">
    <ele>-22.8</ele>
    <time>2024-10-10T07:16:58Z</time>
    <extensions>
     <gpxtpx:TrackPointExtension>
      <gpxtpx:atemp>10</gpxtpx:atemp>
     </gpxtpx:TrackPointExtension>
    </extensions>
   </trkpt>
   <trkpt lat="52.3802130" lon="4.8923240">
    <ele>-23.2</ele>
    <time>2024-10-10T07:16:59Z</time>
    <extensions>
     <gpxtpx:TrackPointExtension>
      <gpxtpx:atemp>10</gpxtpx:atemp>
     </gpxtpx:TrackPointExtension>
    </extensions>
   </trkpt>
   <trkpt lat="52.3802350" lon="4.8922400">
    <ele>-23.2</ele>
    <time>2024-10-10T07:17:00Z</time>
    <extensions>
     <gpxtpx:TrackPointExtension>
      <gpxtpx:atemp>10</gpxtpx:atemp>
     </gpxtpx:TrackPointExtension>
    </extensions>
   </trkpt>
   <trkpt lat="52.3802630" lon="4.8921500">
    <ele>-23.2</ele>
    <time>2024-10-10T07:17:01Z</time>
    <extensions>
     <gpxtpx:TrackPointExtension>
      <gpxtpx:atemp>10</gpxtpx:atemp>
     </gpxtpx:TrackPointExtension>
    </extensions>
   </trkpt>
   <trkpt lat="52.3802950" lon="4.8920590">
    <ele>-23.2</ele>
    <time>2024-10-10T07:17:02Z</time>
    <extensions>
     <gpxtpx:TrackPointExtension>
      <gpxtpx:atemp>10</gpxtpx:atemp>
     </gpxtpx:TrackPointExtension>
    </extensions>
   </trkpt>
   <trkpt lat="52.3803220" lon="4.8919760">
    <ele>-23.2</ele>
    <time>2024-10-10T07:17:03Z</time>
    <extensions>
     <gpxtpx:TrackPointExtension>
      <gpxtpx:atemp>10</gpxtpx:atemp>
     </gpxtpx:TrackPointExtension>
    </extensions>
   </trkpt>
   <trkpt lat="52.3803480" lon="4.8918920">
    <ele>-23.0</ele>
    <time>2024-10-10T07:17:04Z</time>
    <extensions>
     <gpxtpx:TrackPointExtension>
      <gpxtpx:atemp>10</gpxtpx:atemp>
     </gpxtpx:TrackPointExtension>
    </extensions>
   </trkpt>
   <trkpt lat="52.3803740" lon="4.8918080">
    <ele>-23.0</ele>
    <time>2024-10-10T07:17:05Z</time>
    <extensions>
     <gpxtpx:TrackPointExtension>
      <gpxtpx:atemp>10</gpxtpx:atemp>
     </gpxtpx:TrackPointExtension>
    </extensions>
   </trkpt>
   <trkpt lat="52.3804000" lon="4.8917250">
    <ele>-23.2</ele>
    <time>2024-10-10T07:17:06Z</time>
    <extensions>
     <gpxtpx:TrackPointExtension>
      <gpxtpx:atemp>10</gpxtpx:atemp>
     </gpxtpx:TrackPointExtension>
    </extensions>
   </trkpt>
   <trkpt lat="52.3804310" lon="4.8916410">
    <ele>-23.2</ele>
    <time>2024-10-10T07:17:07Z</time>
    <extensions>
     <gpxtpx:TrackPointExtension>
      <gpxtpx:atemp>10</gpxtpx:atemp>
     </gpxtpx:TrackPointExtension>
    </extensions>
   </trkpt>
   <trkpt lat="52.3804550" lon="4.8915520">
    <ele>-23.4</ele>
    <time>2024-10-10T07:17:08Z</time>
    <extensions>
     <gpxtpx:TrackPointExtension>
      <gpxtpx:atemp>10</gpxtpx:atemp>
     </gpxtpx:TrackPointExtension>
    </extensions>
   </trkpt>
   <trkpt lat="52.3804820" lon="4.8914650">
    <ele>-23.4</ele>
    <time>2024-10-10T07:17:09Z</time>
    <extensions>
     <gpxtpx:TrackPointExtension>
      <gpxtpx:atemp>10</gpxtpx:atemp>
     </gpxtpx:TrackPointExtension>
    </extensions>
   </trkpt>
   <trkpt lat="52.3805080" lon="4.8913720">
    <ele>-23.4</ele>
    <time>2024-10-10T07:17:10Z</time>
    <extensions>
     <gpxtpx:TrackPointExtension>
      <gpxtpx:atemp>10</gpxtpx:atemp>
     </gpxtpx:TrackPointExtension>
    </extensions>
   </trkpt>
   <trkpt lat="52.3805280" lon="4.8912850">
    <ele>-23.4</ele>
    <time>2024-10-10T07:17:11Z</time>
    <extensions>
     <gpxtpx:TrackPointExtension>
      <gpxtpx:atemp>10</gpxtpx:atemp>
     </gpxtpx:TrackPointExtension>
    </extensions>
   </trkpt>
   <trkpt lat="52.3805440" lon="4.8911980">
    <ele>-23.2</ele>
    <time>2024-10-10T07:17:12Z</time>
    <extensions>
     <gpxtpx:TrackPointExtension>
      <gpxtpx:atemp>10</gpxtpx:atemp>
     </gpxtpx:TrackPointExtension>
    </extensions>
   </trkpt>
   <trkpt lat="52.3805650" lon="4.8911080">
    <ele>-23.2</ele>
    <time>2024-10-10T07:17:13Z</time>
    <extensions>
     <gpxtpx:TrackPointExtension>
      <gpxtpx:atemp>10</gpxtpx:atemp>
     </gpxtpx:TrackPointExtension>
    </extensions>
   </trkpt>
   <trkpt lat="52.3805950" lon="4.8910240">
    <ele>-23.2</ele>
    <time>2024-10-10T07:17:14Z</time>
    <extensions>
     <gpxtpx:TrackPointExtension>
      <gpxtpx:atemp>10</gpxtpx:atemp>
     </gpxtpx:TrackPointExtension>
    </extensions>
   </trkpt>
   <trkpt lat="52.3806310" lon="4.8909460">
    <ele>-23.2</ele>
    <time>2024-10-10T07:17:15Z</time>
    <extensions>
     <gpxtpx:TrackPointExtension>
      <gpxtpx:atemp>10</gpxtpx:atemp>
     </gpxtpx:TrackPointExtension>
    </extensions>
   </trkpt>
   <trkpt lat="52.3806730" lon="4.8908690">
    <ele>-23.2</ele>
    <time>2024-10-10T07:17:16Z</time>
    <extensions>
     <gpxtpx:TrackPointExtension>
      <gpxtpx:atemp>10</gpxtpx:atemp>
     </gpxtpx:TrackPointExtension>
    </extensions>
   </trkpt>
   <trkpt lat="52.3807150" lon="4.8907910">
    <ele>-23.2</ele>
    <time>2024-10-10T07:17:17Z</time>
    <extensions>
     <gpxtpx:TrackPointExtension>
      <gpxtpx:atemp>10</gpxtpx:atemp>
     </gpxtpx:TrackPointExtension>
    </extensions>
   </trkpt>
   <trkpt lat="52.3807590" lon="4.8907110">
    <ele>-23.2</ele>
    <time>2024-10-10T07:17:18Z</time>
    <extensions>
     <gpxtpx:TrackPointExtension>
      <gpxtpx:atemp>10</gpxtpx:atemp>
     </gpxtpx:TrackPointExtension>
    </extensions>
   </trkpt>
   <trkpt lat="52.3808040" lon="4.8906340">
    <ele>-23.4</ele>
    <time>2024-10-10T07:17:19Z</time>
    <extensions>
     <gpxtpx:TrackPointExtension>
      <gpxtpx:atemp>10</gpxtpx:atemp>
     </gpxtpx:TrackPointExtension>
    </extensions>
   </trkpt>
   <trkpt lat="52.3808480" lon="4.8905550">
    <ele>-23.6</ele>
    <time>2024-10-10T07:17:20Z</time>
    <extensions>
     <gpxtpx:TrackPointExtension>
      <gpxtpx:atemp>10</gpxtpx:atemp>
     </gpxtpx:TrackPointExtension>
    </extensions>
   </trkpt>
   <trkpt lat="52.3808910" lon="4.8904740">
    <ele>-23.6</ele>
    <time>2024-10-10T07:17:21Z</time>
    <extensions>
     <gpxtpx:TrackPointExtension>
      <gpxtpx:atemp>10</gpxtpx:atemp>
     </gpxtpx:TrackPointExtension>
    </extensions>
   </trkpt>
   <trkpt lat="52.3809340" lon="4.8904000">
    <ele>-23.4</ele>
    <time>2024-10-10T07:17:22Z</time>
    <extensions>
     <gpxtpx:TrackPointExtension>
      <gpxtpx:atemp>10</gpxtpx:atemp>
     </gpxtpx:TrackPointExtension>
    </extensions>
   </trkpt>
   <trkpt lat="52.3809790" lon="4.8903270">
    <ele>-23.2</ele>
    <time>2024-10-10T07:17:23Z</time>
    <extensions>
     <gpxtpx:TrackPointExtension>
      <gpxtpx:atemp>10</gpxtpx:atemp>
     </gpxtpx:TrackPointExtension>
    </extensions>
   </trkpt>
   <trkpt lat="52.3810200" lon="4.8902530">
    <ele>-23.4</ele>
    <time>2024-10-10T07:17:24Z</time>
    <extensions>
     <gpxtpx:TrackPointExtension>
      <gpxtpx:atemp>10</gpxtpx:atemp>
     </gpxtpx:TrackPointExtension>
    </extensions>
   </trkpt>
   <trkpt lat="52.3810620" lon="4.8901810">
    <ele>-23.6</ele>
    <time>2024-10-10T07:17:25Z</time>
    <extensions>
     <gpxtpx:TrackPointExtension>
      <gpxtpx:atemp>10</gpxtpx:atemp>
     </gpxtpx:TrackPointExtension>
    </extensions>
   </trkpt>
   <trkpt lat="52.3811040" lon="4.8901060">
    <ele>-23.8</ele>
    <time>2024-10-10T07:17:26Z</time>
    <extensions>
     <gpxtpx:TrackPointExtension>
      <gpxtpx:atemp>10</gpxtpx:atemp>
     </gpxtpx:TrackPointExtension>
    </extensions>
   </trkpt>
   <trkpt lat="52.3811470" lon="4.8900300">
    <ele>-23.8</ele>
    <time>2024-10-10T07:17:27Z</time>
    <extensions>
     <gpxtpx:TrackPointExtension>
      <gpxtpx:atemp>10</gpxtpx:atemp>
     </gpxtpx:TrackPointExtension>
    </extensions>
   </trkpt>
   <trkpt lat="52.3811880" lon="4.8899640">
    <ele>-23.8</ele>
    <time>2024-10-10T07:17:28Z</time>
    <extensions>
     <gpxtpx:TrackPointExtension>
      <gpxtpx:atemp>10</gpxtpx:atemp>
     </gpxtpx:TrackPointExtension>
    </extensions>
   </trkpt>
   <trkpt lat="52.3812310" lon="4.8898920">
    <ele>-23.8</ele>
    <time>2024-10-10T07:17:29Z</time>
    <extensions>
     <gpxtpx:TrackPointExtension>
      <gpxtpx:atemp>10</gpxtpx:atemp>
     </gpxtpx:TrackPointExtension>
    </extensions>
   </trkpt>
   <trkpt lat="52.3812820" lon="4.8898110">
    <ele>-23.6</ele>
    <time>2024-10-10T07:17:30Z</time>
    <extensions>
     <gpxtpx:TrackPointExtension>
      <gpxtpx:atemp>10</gpxtpx:atemp>
     </gpxtpx:TrackPointExtension>
    </extensions>
   </trkpt>
   <trkpt lat="52.3813240" lon="4.8897300">
    <ele>-23.2</ele>
    <time>2024-10-10T07:17:31Z</time>
    <extensions>
     <gpxtpx:TrackPointExtension>
      <gpxtpx:atemp>10</gpxtpx:atemp>
     </gpxtpx:TrackPointExtension>
    </extensions>
   </trkpt>
   <trkpt lat="52.3813570" lon="4.8896550">
    <ele>-23.2</ele>
    <time>2024-10-10T07:17:32Z</time>
    <extensions>
     <gpxtpx:TrackPointExtension>
      <gpxtpx:atemp>10</gpxtpx:atemp>
     </gpxtpx:TrackPointExtension>
    </extensions>
   </trkpt>
   <trkpt lat="52.3813930" lon="4.8895830">
    <ele>-23.0</ele>
    <time>2024-10-10T07:17:33Z</time>
    <extensions>
     <gpxtpx:TrackPointExtension>
      <gpxtpx:atemp>10</gpxtpx:atemp>
     </gpxtpx:TrackPointExtension>
    </extensions>
   </trkpt>
   <trkpt lat="52.3814300" lon="4.8895180">
    <ele>-22.8</ele>
    <time>2024-10-10T07:17:34Z</time>
    <extensions>
     <gpxtpx:TrackPointExtension>
      <gpxtpx:atemp>10</gpxtpx:atemp>
     </gpxtpx:TrackPointExtension>
    </extensions>
   </trkpt>
   <trkpt lat="52.3814640" lon="4.8894540">
    <ele>-22.6</ele>
    <time>2024-10-10T07:17:35Z</time>
    <extensions>
     <gpxtpx:TrackPointExtension>
      <gpxtpx:atemp>10</gpxtpx:atemp>
     </gpxtpx:TrackPointExtension>
    </extensions>
   </trkpt>
   <trkpt lat="52.3814990" lon="4.8893870">
    <ele>-22.6</ele>
    <time>2024-10-10T07:17:36Z</time>
    <extensions>
     <gpxtpx:TrackPointExtension>
      <gpxtpx:atemp>10</gpxtpx:atemp>
     </gpxtpx:TrackPointExtension>
    </extensions>
   </trkpt>
   <trkpt lat="52.3815350" lon="4.8893180">
    <ele>-22.4</ele>
    <time>2024-10-10T07:17:37Z</time>
    <extensions>
     <gpxtpx:TrackPointExtension>
      <gpxtpx:atemp>10</gpxtpx:atemp>
     </gpxtpx:TrackPointExtension>
    </extensions>
   </trkpt>
   <trkpt lat="52.3815750" lon="4.8892450">
    <ele>-22.4</ele>
    <time>2024-10-10T07:17:38Z</time>
    <extensions>
     <gpxtpx:TrackPointExtension>
      <gpxtpx:atemp>10</gpxtpx:atemp>
     </gpxtpx:TrackPointExtension>
    </extensions>
   </trkpt>
   <trkpt lat="52.3816120" lon="4.8891680">
    <ele>-22.6</ele>
    <time>2024-10-10T07:17:39Z</time>
    <extensions>
     <gpxtpx:TrackPointExtension>
      <gpxtpx:atemp>10</gpxtpx:atemp>
     </gpxtpx:TrackPointExtension>
    </extensions>
   </trkpt>
   <trkpt lat="52.3816530" lon="4.8890910">
    <ele>-23.0</ele>
    <time>2024-10-10T07:17:40Z</time>
    <extensions>
     <gpxtpx:TrackPointExtension>
      <gpxtpx:atemp>10</gpxtpx:atemp>
     </gpxtpx:TrackPointExtension>
    </extensions>
   </trkpt>
   <trkpt lat="52.3816930" lon="4.8890120">
    <ele>-23.2</ele>
    <time>2024-10-10T07:17:41Z</time>
    <extensions>
     <gpxtpx:TrackPointExtension>
      <gpxtpx:atemp>10</gpxtpx:atemp>
     </gpxtpx:TrackPointExtension>
    </extensions>
   </trkpt>
   <trkpt lat="52.3817340" lon="4.8889270">
    <ele>-23.6</ele>
    <time>2024-10-10T07:17:42Z</time>
    <extensions>
     <gpxtpx:TrackPointExtension>
      <gpxtpx:atemp>10</gpxtpx:atemp>
     </gpxtpx:TrackPointExtension>
    </extensions>
   </trkpt>
   <trkpt lat="52.3817760" lon="4.8888490">
    <ele>-23.8</ele>
    <time>2024-10-10T07:17:43Z</time>
    <extensions>
     <gpxtpx:TrackPointExtension>
      <gpxtpx:atemp>10</gpxtpx:atemp>
     </gpxtpx:TrackPointExtension>
    </extensions>
   </trkpt>
   <trkpt lat="52.3818160" lon="4.8887710">
    <ele>-24.0</ele>
    <time>2024-10-10T07:17:44Z</time>
    <extensions>
     <gpxtpx:TrackPointExtension>
      <gpxtpx:atemp>10</gpxtpx:atemp>
     </gpxtpx:TrackPointExtension>
    </extensions>
   </trkpt>
   <trkpt lat="52.3818560" lon="4.8886920">
    <ele>-24.2</ele>
    <time>2024-10-10T07:17:45Z</time>
    <extensions>
     <gpxtpx:TrackPointExtension>
      <gpxtpx:atemp>10</gpxtpx:atemp>
     </gpxtpx:TrackPointExtension>
    </extensions>
   </trkpt>
   <trkpt lat="52.3818980" lon="4.8886140">
    <ele>-24.0</ele>
    <time>2024-10-10T07:17:46Z</time>
    <extensions>
     <gpxtpx:TrackPointExtension>
      <gpxtpx:atemp>10</gpxtpx:atemp>
     </gpxtpx:TrackPointExtension>
    </extensions>
   </trkpt>
   <trkpt lat="52.3819400" lon="4.8885370">
    <ele>-24.0</ele>
    <time>2024-10-10T07:17:47Z</time>
    <extensions>
     <gpxtpx:TrackPointExtension>
      <gpxtpx:atemp>10</gpxtpx:atemp>
     </gpxtpx:TrackPointExtension>
    </extensions>
   </trkpt>
   <trkpt lat="52.3819810" lon="4.8884610">
    <ele>-23.8</ele>
    <time>2024-10-10T07:17:48Z</time>
    <extensions>
     <gpxtpx:TrackPointExtension>
      <gpxtpx:atemp>10</gpxtpx:atemp>
     </gpxtpx:TrackPointExtension>
    </extensions>
   </trkpt>
   <trkpt lat="52.3820200" lon="4.8883850">
    <ele>-23.6</ele>
    <time>2024-10-10T07:17:49Z</time>
    <extensions>
     <gpxtpx:TrackPointExtension>
      <gpxtpx:atemp>10</gpxtpx:atemp>
     </gpxtpx:TrackPointExtension>
    </extensions>
   </trkpt>
   <trkpt lat="52.3820620" lon="4.8883110">
    <ele>-23.6</ele>
    <time>2024-10-10T07:17:50Z</time>
    <extensions>
     <gpxtpx:TrackPointExtension>
      <gpxtpx:atemp>10</gpxtpx:atemp>
     </gpxtpx:TrackPointExtension>
    </extensions>
   </trkpt>
   <trkpt lat="52.3821030" lon="4.8882360">
    <ele>-23.6</ele>
    <time>2024-10-10T07:17:51Z</time>
    <extensions>
     <gpxtpx:TrackPointExtension>
      <gpxtpx:atemp>10</gpxtpx:atemp>
     </gpxtpx:TrackPointExtension>
    </extensions>
   </trkpt>
   <trkpt lat="52.3821420" lon="4.8881590">
    <ele>-23.8</ele>
    <time>2024-10-10T07:17:52Z</time>
    <extensions>
     <gpxtpx:TrackPointExtension>
      <gpxtpx:atemp>10</gpxtpx:atemp>
     </gpxtpx:TrackPointExtension>
    </extensions>
   </trkpt>
   <trkpt lat="52.3821850" lon="4.8880820">
    <ele>-23.8</ele>
    <time>2024-10-10T07:17:53Z</time>
    <extensions>
     <gpxtpx:TrackPointExtension>
      <gpxtpx:atemp>10</gpxtpx:atemp>
     </gpxtpx:TrackPointExtension>
    </extensions>
   </trkpt>
   <trkpt lat="52.3822300" lon="4.8880040">
    <ele>-24.0</ele>
    <time>2024-10-10T07:17:54Z</time>
    <extensions>
     <gpxtpx:TrackPointExtension>
      <gpxtpx:atemp>10</gpxtpx:atemp>
     </gpxtpx:TrackPointExtension>
    </extensions>
   </trkpt>
   <trkpt lat="52.3822730" lon="4.8879270">
    <ele>-24.2</ele>
    <time>2024-10-10T07:17:55Z</time>
    <extensions>
     <gpxtpx:TrackPointExtension>
      <gpxtpx:atemp>10</gpxtpx:atemp>
     </gpxtpx:TrackPointExtension>
    </extensions>
   </trkpt>
   <trkpt lat="52.3823160" lon="4.8878550">
    <ele>-24.2</ele>
    <time>2024-10-10T07:17:56Z</time>
    <extensions>
     <gpxtpx:TrackPointExtension>
      <gpxtpx:atemp>10</gpxtpx:atemp>
     </gpxtpx:TrackPointExtension>
    </extensions>
   </trkpt>
   <trkpt lat="52.3823560" lon="4.8877850">
    <ele>-24.2</ele>
    <time>2024-10-10T07:17:57Z</time>
    <extensions>
     <gpxtpx:TrackPointExtension>
      <gpxtpx:atemp>10</gpxtpx:atemp>
     </gpxtpx:TrackPointExtension>
    </extensions>
   </trkpt>
   <trkpt lat="52.3824000" lon="4.8877070">
    <ele>-24.2</ele>
    <time>2024-10-10T07:17:58Z</time>
    <extensions>
     <gpxtpx:TrackPointExtension>
      <gpxtpx:atemp>10</gpxtpx:atemp>
     </gpxtpx:TrackPointExtension>
    </extensions>
   </trkpt>
   <trkpt lat="52.3824360" lon="4.8876420">
    <ele>-24.0</ele>
    <time>2024-10-10T07:17:59Z</time>
    <extensions>
     <gpxtpx:TrackPointExtension>
      <gpxtpx:atemp>10</gpxtpx:atemp>
     </gpxtpx:TrackPointExtension>
    </extensions>
   </trkpt>
   <trkpt lat="52.3824840" lon="4.8875530">
    <ele>-24.0</ele>
    <time>2024-10-10T07:18:00Z</time>
    <extensions>
     <gpxtpx:TrackPointExtension>
      <gpxtpx:atemp>10</gpxtpx:atemp>
     </gpxtpx:TrackPointExtension>
    </extensions>
   </trkpt>
   <trkpt lat="52.3825230" lon="4.8874770">
    <ele>-24.0</ele>
    <time>2024-10-10T07:18:01Z</time>
    <extensions>
     <gpxtpx:TrackPointExtension>
      <gpxtpx:atemp>10</gpxtpx:atemp>
     </gpxtpx:TrackPointExtension>
    </extensions>
   </trkpt>
   <trkpt lat="52.3825660" lon="4.8874000">
    <ele>-24.2</ele>
    <time>2024-10-10T07:18:02Z</time>
    <extensions>
     <gpxtpx:TrackPointExtension>
      <gpxtpx:atemp>10</gpxtpx:atemp>
     </gpxtpx:TrackPointExtension>
    </extensions>
   </trkpt>
   <trkpt lat="52.3826070" lon="4.8873230">
    <ele>-24.2</ele>
    <time>2024-10-10T07:18:03Z</time>
    <extensions>
     <gpxtpx:TrackPointExtension>
      <gpxtpx:atemp>10</gpxtpx:atemp>
     </gpxtpx:TrackPointExtension>
    </extensions>
   </trkpt>
   <trkpt lat="52.3826460" lon="4.8872470">
    <ele>-24.2</ele>
    <time>2024-10-10T07:18:04Z</time>
    <extensions>
     <gpxtpx:TrackPointExtension>
      <gpxtpx:atemp>10</gpxtpx:atemp>
     </gpxtpx:TrackPointExtension>
    </extensions>
   </trkpt>
   <trkpt lat="52.3826870" lon="4.8871750">
    <ele>-24.4</ele>
    <time>2024-10-10T07:18:05Z</time>
    <extensions>
     <gpxtpx:TrackPointExtension>
      <gpxtpx:atemp>10</gpxtpx:atemp>
     </gpxtpx:TrackPointExtension>
    </extensions>
   </trkpt>
   <trkpt lat="52.3827280" lon="4.8871010">
    <ele>-24.4</ele>
    <time>2024-10-10T07:18:06Z</time>
    <extensions>
     <gpxtpx:TrackPointExtension>
      <gpxtpx:atemp>10</gpxtpx:atemp>
     </gpxtpx:TrackPointExtension>
    </extensions>
   </trkpt>
   <trkpt lat="52.3827670" lon="4.8870270">
    <ele>-24.6</ele>
    <time>2024-10-10T07:18:07Z</time>
    <extensions>
     <gpxtpx:TrackPointExtension>
      <gpxtpx:atemp>10</gpxtpx:atemp>
     </gpxtpx:TrackPointExtension>
    </extensions>
   </trkpt>
   <trkpt lat="52.3828060" lon="4.8869540">
    <ele>-24.6</ele>
    <time>2024-10-10T07:18:08Z</time>
    <extensions>
     <gpxtpx:TrackPointExtension>
      <gpxtpx:atemp>10</gpxtpx:atemp>
     </gpxtpx:TrackPointExtension>
    </extensions>
   </trkpt>
   <trkpt lat="52.3828550" lon="4.8868820">
    <ele>-24.4</ele>
    <time>2024-10-10T07:18:09Z</time>
    <extensions>
     <gpxtpx:TrackPointExtension>
      <gpxtpx:atemp>10</gpxtpx:atemp>
     </gpxtpx:TrackPointExtension>
    </extensions>
   </trkpt>
   <trkpt lat="52.3829160" lon="4.8868070">
    <ele>-24.4</ele>
    <time>2024-10-10T07:18:10Z</time>
    <extensions>
     <gpxtpx:TrackPointExtension>
      <gpxtpx:atemp>10</gpxtpx:atemp>
     </gpxtpx:TrackPointExtension>
    </extensions>
   </trkpt>
   <trkpt lat="52.3829540" lon="4.8867360">
    <ele>-24.4</ele>
    <time>2024-10-10T07:18:11Z</time>
    <extensions>
     <gpxtpx:TrackPointExtension>
      <gpxtpx:atemp>10</gpxtpx:atemp>
     </gpxtpx:TrackPointExtension>
    </extensions>
   </trkpt>
   <trkpt lat="52.3829920" lon="4.8866650">
    <ele>-24.6</ele>
    <time>2024-10-10T07:18:12Z</time>
    <extensions>
     <gpxtpx:TrackPointExtension>
      <gpxtpx:atemp>10</gpxtpx:atemp>
     </gpxtpx:TrackPointExtension>
    </extensions>
   </trkpt>
   <trkpt lat="52.3830310" lon="4.8865930">
    <ele>-24.6</ele>
    <time>2024-10-10T07:18:13Z</time>
    <extensions>
     <gpxtpx:TrackPointExtension>
      <gpxtpx:atemp>10</gpxtpx:atemp>
     </gpxtpx:TrackPointExtension>
    </extensions>
   </trkpt>
   <trkpt lat="52.3830740" lon="4.8865210">
    <ele>-24.4</ele>
    <time>2024-10-10T07:18:14Z</time>
    <extensions>
     <gpxtpx:TrackPointExtension>
      <gpxtpx:atemp>10</gpxtpx:atemp>
     </gpxtpx:TrackPointExtension>
    </extensions>
   </trkpt>
   <trkpt lat="52.3831170" lon="4.8864510">
    <ele>-24.4</ele>
    <time>2024-10-10T07:18:15Z</time>
    <extensions>
     <gpxtpx:TrackPointExtension>
      <gpxtpx:atemp>10</gpxtpx:atemp>
     </gpxtpx:TrackPointExtension>
    </extensions>
   </trkpt>
   <trkpt lat="52.3831550" lon="4.8863810">
    <ele>-24.4</ele>
    <time>2024-10-10T07:18:16Z</time>
    <extensions>
     <gpxtpx:TrackPointExtension>
      <gpxtpx:atemp>10</gpxtpx:atemp>
     </gpxtpx:TrackPointExtension>
    </extensions>
   </trkpt>
   <trkpt lat="52.3831920" lon="4.8863030">
    <ele>-24.4</ele>
    <time>2024-10-10T07:18:17Z</time>
    <extensions>
     <gpxtpx:TrackPointExtension>
      <gpxtpx:atemp>10</gpxtpx:atemp>
     </gpxtpx:TrackPointExtension>
    </extensions>
   </trkpt>
   <trkpt lat="52.3832280" lon="4.8862260">
    <ele>-24.4</ele>
    <time>2024-10-10T07:18:18Z</time>
    <extensions>
     <gpxtpx:TrackPointExtension>
      <gpxtpx:atemp>10</gpxtpx:atemp>
     </gpxtpx:TrackPointExtension>
    </extensions>
   </trkpt>
   <trkpt lat="52.3832660" lon="4.8861480">
    <ele>-24.2</ele>
    <time>2024-10-10T07:18:19Z</time>
    <extensions>
     <gpxtpx:TrackPointExtension>
      <gpxtpx:atemp>10</gpxtpx:atemp>
     </gpxtpx:TrackPointExtension>
    </extensions>
   </trkpt>
   <trkpt lat="52.3833050" lon="4.8860700">
    <ele>-24.2</ele>
    <time>2024-10-10T07:18:20Z</time>
    <extensions>
     <gpxtpx:TrackPointExtension>
      <gpxtpx:atemp>10</gpxtpx:atemp>
     </gpxtpx:TrackPointExtension>
    </extensions>
   </trkpt>
   <trkpt lat="52.3833450" lon="4.8859950">
    <ele>-24.0</ele>
    <time>2024-10-10T07:18:21Z</time>
    <extensions>
     <gpxtpx:TrackPointExtension>
      <gpxtpx:atemp>10</gpxtpx:atemp>
     </gpxtpx:TrackPointExtension>
    </extensions>
   </trkpt>
   <trkpt lat="52.3833830" lon="4.8859210">
    <ele>-24.0</ele>
    <time>2024-10-10T07:18:22Z</time>
    <extensions>
     <gpxtpx:TrackPointExtension>
      <gpxtpx:atemp>10</gpxtpx:atemp>
     </gpxtpx:TrackPointExtension>
    </extensions>
   </trkpt>
   <trkpt lat="52.3834260" lon="4.8858420">
    <ele>-24.0</ele>
    <time>2024-10-10T07:18:23Z</time>
    <extensions>
     <gpxtpx:TrackPointExtension>
      <gpxtpx:atemp>10</gpxtpx:atemp>
     </gpxtpx:TrackPointExtension>
    </extensions>
   </trkpt>
   <trkpt lat="52.3834630" lon="4.8857730">
    <ele>-24.2</ele>
    <time>2024-10-10T07:18:24Z</time>
    <extensions>
     <gpxtpx:TrackPointExtension>
      <gpxtpx:atemp>10</gpxtpx:atemp>
     </gpxtpx:TrackPointExtension>
    </extensions>
   </trkpt>
   <trkpt lat="52.3835040" lon="4.8856770">
    <ele>-24.4</ele>
    <time>2024-10-10T07:18:25Z</time>
    <extensions>
     <gpxtpx:TrackPointExtension>
      <gpxtpx:atemp>10</gpxtpx:atemp>
     </gpxtpx:TrackPointExtension>
    </extensions>
   </trkpt>
   <trkpt lat="52.3835260" lon="4.8855850">
    <ele>-24.2</ele>
    <time>2024-10-10T07:18:26Z</time>
    <extensions>
     <gpxtpx:TrackPointExtension>
      <gpxtpx:atemp>10</gpxtpx:atemp>
     </gpxtpx:TrackPointExtension>
    </extensions>
   </trkpt>
   <trkpt lat="52.3835650" lon="4.8855110">
    <ele>-24.0</ele>
    <time>2024-10-10T07:18:27Z</time>
    <extensions>
     <gpxtpx:TrackPointExtension>
      <gpxtpx:atemp>10</gpxtpx:atemp>
     </gpxtpx:TrackPointExtension>
    </extensions>
   </trkpt>
   <trkpt lat="52.3836060" lon="4.8854400">
    <ele>-23.8</ele>
    <time>2024-10-10T07:18:28Z</time>
    <extensions>
     <gpxtpx:TrackPointExtension>
      <gpxtpx:atemp>10</gpxtpx:atemp>
     </gpxtpx:TrackPointExtension>
    </extensions>
   </trkpt>
   <trkpt lat="52.3836490" lon="4.8853680">
    <ele>-24.0</ele>
    <time>2024-10-10T07:18:29Z</time>
    <extensions>
     <gpxtpx:TrackPointExtension>
      <gpxtpx:atemp>10</gpxtpx:atemp>
     </gpxtpx:TrackPointExtension>
    </extensions>
   </trkpt>
   <trkpt lat="52.3836950" lon="4.8852950">
    <ele>-24.0</ele>
    <time>2024-10-10T07:18:30Z</time>
    <extensions>
     <gpxtpx:TrackPointExtension>
      <gpxtpx:atemp>10</gpxtpx:atemp>
     </gpxtpx:TrackPointExtension>
    </extensions>
   </trkpt>
   <trkpt lat="52.3837400" lon="4.8852230">
    <ele>-24.0</ele>
    <time>2024-10-10T07:18:31Z</time>
    <extensions>
     <gpxtpx:TrackPointExtension>
      <gpxtpx:atemp>10</gpxtpx:atemp>
     </gpxtpx:TrackPointExtension>
    </extensions>
   </trkpt>
   <trkpt lat="52.3837810" lon="4.8851460">
    <ele>-24.0</ele>
    <time>2024-10-10T07:18:32Z</time>
    <extensions>
     <gpxtpx:TrackPointExtension>
      <gpxtpx:atemp>10</gpxtpx:atemp>
     </gpxtpx:TrackPointExtension>
    </extensions>
   </trkpt>
   <trkpt lat="52.3838200" lon="4.8850710">
    <ele>-24.0</ele>
    <time>2024-10-10T07:18:33Z</time>
    <extensions>
     <gpxtpx:TrackPointExtension>
      <gpxtpx:atemp>10</gpxtpx:atemp>
     </gpxtpx:TrackPointExtension>
    </extensions>
   </trkpt>
   <trkpt lat="52.3838690" lon="4.8849960">
    <ele>-24.0</ele>
    <time>2024-10-10T07:18:34Z</time>
    <extensions>
     <gpxtpx:TrackPointExtension>
      <gpxtpx:atemp>10</gpxtpx:atemp>
     </gpxtpx:TrackPointExtension>
    </extensions>
   </trkpt>
   <trkpt lat="52.3839290" lon="4.8849240">
    <ele>-24.0</ele>
    <time>2024-10-10T07:18:35Z</time>
    <extensions>
     <gpxtpx:TrackPointExtension>
      <gpxtpx:atemp>10</gpxtpx:atemp>
     </gpxtpx:TrackPointExtension>
    </extensions>
   </trkpt>
   <trkpt lat="52.3839780" lon="4.8848640">
    <ele>-24.2</ele>
    <time>2024-10-10T07:18:36Z</time>
    <extensions>
     <gpxtpx:TrackPointExtension>
      <gpxtpx:atemp>10</gpxtpx:atemp>
     </gpxtpx:TrackPointExtension>
    </extensions>
   </trkpt>
   <trkpt lat="52.3840220" lon="4.8848000">
    <ele>-24.2</ele>
    <time>2024-10-10T07:18:37Z</time>
    <extensions>
     <gpxtpx:TrackPointExtension>
      <gpxtpx:atemp>10</gpxtpx:atemp>
     </gpxtpx:TrackPointExtension>
    </extensions>
   </trkpt>
   <trkpt lat="52.3840640" lon="4.8847330">
    <ele>-24.4</ele>
    <time>2024-10-10T07:18:38Z</time>
    <extensions>
     <gpxtpx:TrackPointExtension>
      <gpxtpx:atemp>10</gpxtpx:atemp>
     </gpxtpx:TrackPointExtension>
    </extensions>
   </trkpt>
   <trkpt lat="52.3841040" lon="4.8846600">
    <ele>-24.4</ele>
    <time>2024-10-10T07:18:39Z</time>
    <extensions>
     <gpxtpx:TrackPointExtension>
      <gpxtpx:atemp>10</gpxtpx:atemp>
     </gpxtpx:TrackPointExtension>
    </extensions>
   </trkpt>
   <trkpt lat="52.3841400" lon="4.8845800">
    <ele>-24.4</ele>
    <time>2024-10-10T07:18:40Z</time>
    <extensions>
     <gpxtpx:TrackPointExtension>
      <gpxtpx:atemp>10</gpxtpx:atemp>
     </gpxtpx:TrackPointExtension>
    </extensions>
   </trkpt>
   <trkpt lat="52.3841720" lon="4.8844980">
    <ele>-24.4</ele>
    <time>2024-10-10T07:18:41Z</time>
    <extensions>
     <gpxtpx:TrackPointExtension>
      <gpxtpx:atemp>10</gpxtpx:atemp>
     </gpxtpx:TrackPointExtension>
    </extensions>
   </trkpt>
   <trkpt lat="52.3842010" lon="4.8844110">
    <ele>-24.4</ele>
    <time>2024-10-10T07:18:42Z</time>
    <extensions>
     <gpxtpx:TrackPointExtension>
      <gpxtpx:atemp>10</gpxtpx:atemp>
     </gpxtpx:TrackPointExtension>
    </extensions>
   </trkpt>
   <trkpt lat="52.3842420" lon="4.8843650">
    <ele>-24.2</ele>
    <time>2024-10-10T07:18:43Z</time>
    <extensions>
     <gpxtpx:TrackPointExtension>
      <gpxtpx:atemp>10</gpxtpx:atemp>
     </gpxtpx:TrackPointExtension>
    </extensions>
   </trkpt>
   <trkpt lat="52.3842680" lon="4.8842970">
    <ele>-24.2</ele>
    <time>2024-10-10T07:18:44Z</time>
    <extensions>
     <gpxtpx:TrackPointExtension>
      <gpxtpx:atemp>10</gpxtpx:atemp>
     </gpxtpx:TrackPointExtension>
    </extensions>
   </trkpt>
   <trkpt lat="52.3843020" lon="4.8842370">
    <ele>-24.4</ele>
    <time>2024-10-10T07:18:45Z</time>
    <extensions>
     <gpxtpx:TrackPointExtension>
      <gpxtpx:atemp>10</gpxtpx:atemp>
     </gpxtpx:TrackPointExtension>
    </extensions>
   </trkpt>
   <trkpt lat="52.3843300" lon="4.8841800">
    <ele>-24.4</ele>
    <time>2024-10-10T07:18:46Z</time>
    <extensions>
     <gpxtpx:TrackPointExtension>
      <gpxtpx:atemp>10</gpxtpx:atemp>
     </gpxtpx:TrackPointExtension>
    </extensions>
   </trkpt>
   <trkpt lat="52.3843470" lon="4.8841180">
    <ele>-24.6</ele>
    <time>2024-10-10T07:18:47Z</time>
    <extensions>
     <gpxtpx:TrackPointExtension>
      <gpxtpx:atemp>10</gpxtpx:atemp>
     </gpxtpx:TrackPointExtension>
    </extensions>
   </trkpt>
   <trkpt lat="52.3843480" lon="4.8840460">
    <ele>-24.6</ele>
    <time>2024-10-10T07:18:48Z</time>
    <extensions>
     <gpxtpx:TrackPointExtension>
      <gpxtpx:atemp>10</gpxtpx:atemp>
     </gpxtpx:TrackPointExtension>
    </extensions>
   </trkpt>
   <trkpt lat="52.3843410" lon="4.8839670">
    <ele>-24.6</ele>
    <time>2024-10-10T07:18:49Z</time>
    <extensions>
     <gpxtpx:TrackPointExtension>
      <gpxtpx:atemp>10</gpxtpx:atemp>
     </gpxtpx:TrackPointExtension>
    </extensions>
   </trkpt>
   <trkpt lat="52.3843430" lon="4.8838850">
    <ele>-24.8</ele>
    <time>2024-10-10T07:18:50Z</time>
    <extensions>
     <gpxtpx:TrackPointExtension>
      <gpxtpx:atemp>10</gpxtpx:atemp>
     </gpxtpx:TrackPointExtension>
    </extensions>
   </trkpt>
   <trkpt lat="52.3843680" lon="4.8837970">
    <ele>-25.0</ele>
    <time>2024-10-10T07:18:51Z</time>
    <extensions>
     <gpxtpx:TrackPointExtension>
      <gpxtpx:atemp>10</gpxtpx:atemp>
     </gpxtpx:TrackPointExtension>
    </extensions>
   </trkpt>
   <trkpt lat="52.3844030" lon="4.8837140">
    <ele>-24.8</ele>
    <time>2024-10-10T07:18:52Z</time>
    <extensions>
     <gpxtpx:TrackPointExtension>
      <gpxtpx:atemp>10</gpxtpx:atemp>
     </gpxtpx:TrackPointExtension>
    </extensions>
   </trkpt>
   <trkpt lat="52.3844410" lon="4.8836510">
    <ele>-25.0</ele>
    <time>2024-10-10T07:18:53Z</time>
    <extensions>
     <gpxtpx:TrackPointExtension>
      <gpxtpx:atemp>10</gpxtpx:atemp>
     </gpxtpx:TrackPointExtension>
    </extensions>
   </trkpt>
   <trkpt lat="52.3844770" lon="4.8835900">
    <ele>-25.2</ele>
    <time>2024-10-10T07:18:54Z</time>
    <extensions>
     <gpxtpx:TrackPointExtension>
      <gpxtpx:atemp>10</gpxtpx:atemp>
     </gpxtpx:TrackPointExtension>
    </extensions>
   </trkpt>
   <trkpt lat="52.3845080" lon="4.8835250">
    <ele>-25.0</ele>
    <time>2024-10-10T07:18:55Z</time>
    <extensions>
     <gpxtpx:TrackPointExtension>
      <gpxtpx:atemp>10</gpxtpx:atemp>
     </gpxtpx:TrackPointExtension>
    </extensions>
   </trkpt>
   <trkpt lat="52.3845380" lon="4.8834600">
    <ele>-24.8</ele>
    <time>2024-10-10T07:18:56Z</time>
    <extensions>
     <gpxtpx:TrackPointExtension>
      <gpxtpx:atemp>10</gpxtpx:atemp>
     </gpxtpx:TrackPointExtension>
    </extensions>
   </trkpt>
   <trkpt lat="52.3845660" lon="4.8833910">
    <ele>-24.8</ele>
    <time>2024-10-10T07:18:57Z</time>
    <extensions>
     <gpxtpx:TrackPointExtension>
      <gpxtpx:atemp>10</gpxtpx:atemp>
     </gpxtpx:TrackPointExtension>
    </extensions>
   </trkpt>
   <trkpt lat="52.3845880" lon="4.8833150">
    <ele>-25.0</ele>
    <time>2024-10-10T07:18:58Z</time>
    <extensions>
     <gpxtpx:TrackPointExtension>
      <gpxtpx:atemp>10</gpxtpx:atemp>
     </gpxtpx:TrackPointExtension>
    </extensions>
   </trkpt>
   <trkpt lat="52.3846070" lon="4.8832320">
    <ele>-24.8</ele>
    <time>2024-10-10T07:18:59Z</time>
    <extensions>
     <gpxtpx:TrackPointExtension>
      <gpxtpx:atemp>10</gpxtpx:atemp>
     </gpxtpx:TrackPointExtension>
    </extensions>
   </trkpt>
   <trkpt lat="52.3846260" lon="4.8831490">
    <ele>-24.8</ele>
    <time>2024-10-10T07:19:00Z</time>
    <extensions>
     <gpxtpx:TrackPointExtension>
      <gpxtpx:atemp>10</gpxtpx:atemp>
     </gpxtpx:TrackPointExtension>
    </extensions>
   </trkpt>
   <trkpt lat="52.3846460" lon="4.8830660">
    <ele>-24.6</ele>
    <time>2024-10-10T07:19:01Z</time>
    <extensions>
     <gpxtpx:TrackPointExtension>
      <gpxtpx:atemp>10</gpxtpx:atemp>
     </gpxtpx:TrackPointExtension>
    </extensions>
   </trkpt>
   <trkpt lat="52.3846690" lon="4.8829790">
    <ele>-24.6</ele>
    <time>2024-10-10T07:19:02Z</time>
    <extensions>
     <gpxtpx:TrackPointExtension>
      <gpxtpx:atemp>10</gpxtpx:atemp>
     </gpxtpx:TrackPointExtension>
    </extensions>
   </trkpt>
   <trkpt lat="52.3846840" lon="4.8828840">
    <ele>-24.6</ele>
    <time>2024-10-10T07:19:03Z</time>
    <extensions>
     <gpxtpx:TrackPointExtension>
      <gpxtpx:atemp>10</gpxtpx:atemp>
     </gpxtpx:TrackPointExtension>
    </extensions>
   </trkpt>
   <trkpt lat="52.3846870" lon="4.8827730">
    <ele>-24.6</ele>
    <time>2024-10-10T07:19:04Z</time>
    <extensions>
     <gpxtpx:TrackPointExtension>
      <gpxtpx:atemp>10</gpxtpx:atemp>
     </gpxtpx:TrackPointExtension>
    </extensions>
   </trkpt>
   <trkpt lat="52.3847080" lon="4.8826830">
    <ele>-24.6</ele>
    <time>2024-10-10T07:19:05Z</time>
    <extensions>
     <gpxtpx:TrackPointExtension>
      <gpxtpx:atemp>10</gpxtpx:atemp>
     </gpxtpx:TrackPointExtension>
    </extensions>
   </trkpt>
   <trkpt lat="52.3847340" lon="4.8826390">
    <ele>-24.4</ele>
    <time>2024-10-10T07:19:06Z</time>
    <extensions>
     <gpxtpx:TrackPointExtension>
      <gpxtpx:atemp>10</gpxtpx:atemp>
     </gpxtpx:TrackPointExtension>
    </extensions>
   </trkpt>
   <trkpt lat="52.3847570" lon="4.8825610">
    <ele>-24.0</ele>
    <time>2024-10-10T07:19:07Z</time>
    <extensions>
     <gpxtpx:TrackPointExtension>
      <gpxtpx:atemp>10</gpxtpx:atemp>
     </gpxtpx:TrackPointExtension>
    </extensions>
   </trkpt>
   <trkpt lat="52.3847790" lon="4.8824880">
    <ele>-23.6</ele>
    <time>2024-10-10T07:19:08Z</time>
    <extensions>
     <gpxtpx:TrackPointExtension>
      <gpxtpx:atemp>10</gpxtpx:atemp>
     </gpxtpx:TrackPointExtension>
    </extensions>
   </trkpt>
   <trkpt lat="52.3848260" lon="4.8824150">
    <ele>-23.6</ele>
    <time>2024-10-10T07:19:09Z</time>
    <extensions>
     <gpxtpx:TrackPointExtension>
      <gpxtpx:atemp>10</gpxtpx:atemp>
     </gpxtpx:TrackPointExtension>
    </extensions>
   </trkpt>
   <trkpt lat="52.3849100" lon="4.8823270">
    <ele>-23.8</ele>
    <time>2024-10-10T07:19:10Z</time>
    <extensions>
     <gpxtpx:TrackPointExtension>
      <gpxtpx:atemp>10</gpxtpx:atemp>
     </gpxtpx:TrackPointExtension>
    </extensions>
   </trkpt>
   <trkpt lat="52.3848960" lon="4.8822280">
    <ele>-23.8</ele>
    <time>2024-10-10T07:19:11Z</time>
    <extensions>
     <gpxtpx:TrackPointExtension>
      <gpxtpx:atemp>10</gpxtpx:atemp>
     </gpxtpx:TrackPointExtension>
    </extensions>
   </trkpt>
   <trkpt lat="52.3849040" lon="4.8821650">
    <ele>-23.6</ele>
    <time>2024-10-10T07:19:12Z</time>
    <extensions>
     <gpxtpx:TrackPointExtension>
      <gpxtpx:atemp>10</gpxtpx:atemp>
     </gpxtpx:TrackPointExtension>
    </extensions>
   </trkpt>
   <trkpt lat="52.3849000" lon="4.8821050">
    <ele>-23.6</ele>
    <time>2024-10-10T07:19:13Z</time>
    <extensions>
     <gpxtpx:TrackPointExtension>
      <gpxtpx:atemp>10</gpxtpx:atemp>
     </gpxtpx:TrackPointExtension>
    </extensions>
   </trkpt>
   <trkpt lat="52.3849150" lon="4.8820460">
    <ele>-23.6</ele>
    <time>2024-10-10T07:19:14Z</time>
    <extensions>
     <gpxtpx:TrackPointExtension>
      <gpxtpx:atemp>10</gpxtpx:atemp>
     </gpxtpx:TrackPointExtension>
    </extensions>
   </trkpt>
   <trkpt lat="52.3849290" lon="4.8819940">
    <ele>-23.4</ele>
    <time>2024-10-10T07:19:15Z</time>
    <extensions>
     <gpxtpx:TrackPointExtension>
      <gpxtpx:atemp>10</gpxtpx:atemp>
     </gpxtpx:TrackPointExtension>
    </extensions>
   </trkpt>
   <trkpt lat="52.3849400" lon="4.8819490">
    <ele>-23.2</ele>
    <time>2024-10-10T07:19:16Z</time>
    <extensions>
     <gpxtpx:TrackPointExtension>
      <gpxtpx:atemp>10</gpxtpx:atemp>
     </gpxtpx:TrackPointExtension>
    </extensions>
   </trkpt>
   <trkpt lat="52.3849460" lon="4.8819080">
    <ele>-23.2</ele>
    <time>2024-10-10T07:19:17Z</time>
    <extensions>
     <gpxtpx:TrackPointExtension>
      <gpxtpx:atemp>10</gpxtpx:atemp>
     </gpxtpx:TrackPointExtension>
    </extensions>
   </trkpt>
   <trkpt lat="52.3849430" lon="4.8818690">
    <ele>-23.0</ele>
    <time>2024-10-10T07:19:18Z</time>
    <extensions>
     <gpxtpx:TrackPointExtension>
      <gpxtpx:atemp>10</gpxtpx:atemp>
     </gpxtpx:TrackPointExtension>
    </extensions>
   </trkpt>
   <trkpt lat="52.3849180" lon="4.8818310">
    <ele>-23.0</ele>
    <time>2024-10-10T07:19:19Z</time>
    <extensions>
     <gpxtpx:TrackPointExtension>
      <gpxtpx:atemp>10</gpxtpx:atemp>
     </gpxtpx:TrackPointExtension>
    </extensions>
   </trkpt>
   <trkpt lat="52.3849180" lon="4.8818080">
    <ele>-23.0</ele>
    <time>2024-10-10T07:19:20Z</time>
    <extensions>
     <gpxtpx:TrackPointExtension>
      <gpxtpx:atemp>10</gpxtpx:atemp>
     </gpxtpx:TrackPointExtension>
    </extensions>
   </trkpt>
   <trkpt lat="52.3849210" lon="4.8817920">
    <ele>-23.2</ele>
    <time>2024-10-10T07:19:21Z</time>
    <extensions>
     <gpxtpx:TrackPointExtension>
      <gpxtpx:atemp>10</gpxtpx:atemp>
     </gpxtpx:TrackPointExtension>
    </extensions>
   </trkpt>
   <trkpt lat="52.3849880" lon="4.8817410">
    <ele>-23.0</ele>
    <time>2024-10-10T07:20:08Z</time>
    <extensions>
     <gpxtpx:TrackPointExtension>
      <gpxtpx:atemp>10</gpxtpx:atemp>
     </gpxtpx:TrackPointExtension>
    </extensions>
   </trkpt>
   <trkpt lat="52.3850210" lon="4.8817350">
    <ele>-22.8</ele>
    <time>2024-10-10T07:20:09Z</time>
    <extensions>
     <gpxtpx:TrackPointExtension>
      <gpxtpx:atemp>10</gpxtpx:atemp>
     </gpxtpx:TrackPointExtension>
    </extensions>
   </trkpt>
   <trkpt lat="52.3850590" lon="4.8817280">
    <ele>-22.6</ele>
    <time>2024-10-10T07:20:10Z</time>
    <extensions>
     <gpxtpx:TrackPointExtension>
      <gpxtpx:atemp>10</gpxtpx:atemp>
     </gpxtpx:TrackPointExtension>
    </extensions>
   </trkpt>
   <trkpt lat="52.3850950" lon="4.8817180">
    <ele>-22.6</ele>
    <time>2024-10-10T07:20:11Z</time>
    <extensions>
     <gpxtpx:TrackPointExtension>
      <gpxtpx:atemp>10</gpxtpx:atemp>
     </gpxtpx:TrackPointExtension>
    </extensions>
   </trkpt>
   <trkpt lat="52.3851220" lon="4.8817040">
    <ele>-22.4</ele>
    <time>2024-10-10T07:20:12Z</time>
    <extensions>
     <gpxtpx:TrackPointExtension>
      <gpxtpx:atemp>10</gpxtpx:atemp>
     </gpxtpx:TrackPointExtension>
    </extensions>
   </trkpt>
   <trkpt lat="52.3851380" lon="4.8816880">
    <ele>-22.2</ele>
    <time>2024-10-10T07:20:13Z</time>
    <extensions>
     <gpxtpx:TrackPointExtension>
      <gpxtpx:atemp>10</gpxtpx:atemp>
     </gpxtpx:TrackPointExtension>
    </extensions>
   </trkpt>
   <trkpt lat="52.3851430" lon="4.8816800">
    <ele>-22.0</ele>
    <time>2024-10-10T07:20:14Z</time>
    <extensions>
     <gpxtpx:TrackPointExtension>
      <gpxtpx:atemp>10</gpxtpx:atemp>
     </gpxtpx:TrackPointExtension>
    </extensions>
   </trkpt>
   <trkpt lat="52.3851430" lon="4.8816810">
    <ele>-22.0</ele>
    <time>2024-10-10T07:20:15Z</time>
    <extensions>
     <gpxtpx:TrackPointExtension>
      <gpxtpx:atemp>10</gpxtpx:atemp>
     </gpxtpx:TrackPointExtension>
    </extensions>
   </trkpt>
   <trkpt lat="52.3851430" lon="4.8816800">
    <ele>-21.8</ele>
    <time>2024-10-10T07:20:16Z</time>
    <extensions>
     <gpxtpx:TrackPointExtension>
      <gpxtpx:atemp>10</gpxtpx:atemp>
     </gpxtpx:TrackPointExtension>
    </extensions>
   </trkpt>
   <trkpt lat="52.3851430" lon="4.8816800">
    <ele>-21.8</ele>
    <time>2024-10-10T07:20:17Z</time>
    <extensions>
     <gpxtpx:TrackPointExtension>
      <gpxtpx:atemp>10</gpxtpx:atemp>
     </gpxtpx:TrackPointExtension>
    </extensions>
   </trkpt>
   <trkpt lat="52.3851430" lon="4.8816800">
    <ele>-21.8</ele>
    <time>2024-10-10T07:20:18Z</time>
    <extensions>
     <gpxtpx:TrackPointExtension>
      <gpxtpx:atemp>10</gpxtpx:atemp>
     </gpxtpx:TrackPointExtension>
    </extensions>
   </trkpt>
   <trkpt lat="52.3851530" lon="4.8816470">
    <ele>-21.8</ele>
    <time>2024-10-10T07:20:27Z</time>
    <extensions>
     <gpxtpx:TrackPointExtension>
      <gpxtpx:atemp>10</gpxtpx:atemp>
     </gpxtpx:TrackPointExtension>
    </extensions>
   </trkpt>
   <trkpt lat="52.3851630" lon="4.8815980">
    <ele>-22.0</ele>
    <time>2024-10-10T07:20:28Z</time>
    <extensions>
     <gpxtpx:TrackPointExtension>
      <gpxtpx:atemp>10</gpxtpx:atemp>
     </gpxtpx:TrackPointExtension>
    </extensions>
   </trkpt>
   <trkpt lat="52.3851780" lon="4.8815350">
    <ele>-22.2</ele>
    <time>2024-10-10T07:20:29Z</time>
    <extensions>
     <gpxtpx:TrackPointExtension>
      <gpxtpx:atemp>10</gpxtpx:atemp>
     </gpxtpx:TrackPointExtension>
    </extensions>
   </trkpt>
   <trkpt lat="52.3851950" lon="4.8814660">
    <ele>-22.2</ele>
    <time>2024-10-10T07:20:30Z</time>
    <extensions>
     <gpxtpx:TrackPointExtension>
      <gpxtpx:atemp>10</gpxtpx:atemp>
     </gpxtpx:TrackPointExtension>
    </extensions>
   </trkpt>
   <trkpt lat="52.3852120" lon="4.8813950">
    <ele>-22.4</ele>
    <time>2024-10-10T07:20:31Z</time>
    <extensions>
     <gpxtpx:TrackPointExtension>
      <gpxtpx:atemp>10</gpxtpx:atemp>
     </gpxtpx:TrackPointExtension>
    </extensions>
   </trkpt>
   <trkpt lat="52.3852280" lon="4.8813190">
    <ele>-22.8</ele>
    <time>2024-10-10T07:20:32Z</time>
    <extensions>
     <gpxtpx:TrackPointExtension>
      <gpxtpx:atemp>10</gpxtpx:atemp>
     </gpxtpx:TrackPointExtension>
    </extensions>
   </trkpt>
   <trkpt lat="52.3852420" lon="4.8812370">
    <ele>-23.0</ele>
    <time>2024-10-10T07:20:33Z</time>
    <extensions>
     <gpxtpx:TrackPointExtension>
      <gpxtpx:atemp>10</gpxtpx:atemp>
     </gpxtpx:TrackPointExtension>
    </extensions>
   </trkpt>
   <trkpt lat="52.3852510" lon="4.8811480">
    <ele>-23.2</ele>
    <time>2024-10-10T07:20:34Z</time>
    <extensions>
     <gpxtpx:TrackPointExtension>
      <gpxtpx:atemp>10</gpxtpx:atemp>
     </gpxtpx:TrackPointExtension>
    </extensions>
   </trkpt>
   <trkpt lat="52.3852550" lon="4.8810540">
    <ele>-23.6</ele>
    <time>2024-10-10T07:20:35Z</time>
    <extensions>
     <gpxtpx:TrackPointExtension>
      <gpxtpx:atemp>10</gpxtpx:atemp>
     </gpxtpx:TrackPointExtension>
    </extensions>
   </trkpt>
   <trkpt lat="52.3852610" lon="4.8809620">
    <ele>-23.8</ele>
    <time>2024-10-10T07:20:36Z</time>
    <extensions>
     <gpxtpx:TrackPointExtension>
      <gpxtpx:atemp>10</gpxtpx:atemp>
     </gpxtpx:TrackPointExtension>
    </extensions>
   </trkpt>
   <trkpt lat="52.3852740" lon="4.8808730">
    <ele>-24.0</ele>
    <time>2024-10-10T07:20:37Z</time>
    <extensions>
     <gpxtpx:TrackPointExtension>
      <gpxtpx:atemp>10</gpxtpx:atemp>
     </gpxtpx:TrackPointExtension>
    </extensions>
   </trkpt>
   <trkpt lat="52.3852910" lon="4.8807930">
    <ele>-24.0</ele>
    <time>2024-10-10T07:20:38Z</time>
    <extensions>
     <gpxtpx:TrackPointExtension>
      <gpxtpx:atemp>10</gpxtpx:atemp>
     </gpxtpx:TrackPointExtension>
    </extensions>
   </trkpt>
   <trkpt lat="52.3853130" lon="4.8806890">
    <ele>-24.2</ele>
    <time>2024-10-10T07:20:39Z</time>
    <extensions>
     <gpxtpx:TrackPointExtension>
      <gpxtpx:atemp>10</gpxtpx:atemp>
     </gpxtpx:TrackPointExtension>
    </extensions>
   </trkpt>
   <trkpt lat="52.3853320" lon="4.8806000">
    <ele>-24.0</ele>
    <time>2024-10-10T07:20:40Z</time>
    <extensions>
     <gpxtpx:TrackPointExtension>
      <gpxtpx:atemp>10</gpxtpx:atemp>
     </gpxtpx:TrackPointExtension>
    </extensions>
   </trkpt>
   <trkpt lat="52.3853510" lon="4.8805100">
    <ele>-23.8</ele>
    <time>2024-10-10T07:20:41Z</time>
    <extensions>
     <gpxtpx:TrackPointExtension>
      <gpxtpx:atemp>10</gpxtpx:atemp>
     </gpxtpx:TrackPointExtension>
    </extensions>
   </trkpt>
   <trkpt lat="52.3853700" lon="4.8804180">
    <ele>-23.6</ele>
    <time>2024-10-10T07:20:42Z</time>
    <extensions>
     <gpxtpx:TrackPointExtension>
      <gpxtpx:atemp>10</gpxtpx:atemp>
     </gpxtpx:TrackPointExtension>
    </extensions>
   </trkpt>
   <trkpt lat="52.3853900" lon="4.8803220">
    <ele>-23.4</ele>
    <time>2024-10-10T07:20:43Z</time>
    <extensions>
     <gpxtpx:TrackPointExtension>
      <gpxtpx:atemp>10</gpxtpx:atemp>
     </gpxtpx:TrackPointExtension>
    </extensions>
   </trkpt>
   <trkpt lat="52.3854130" lon="4.8802290">
    <ele>-23.2</ele>
    <time>2024-10-10T07:20:44Z</time>
    <extensions>
     <gpxtpx:TrackPointExtension>
      <gpxtpx:atemp>10</gpxtpx:atemp>
     </gpxtpx:TrackPointExtension>
    </extensions>
   </trkpt>
   <trkpt lat="52.3854370" lon="4.8801320">
    <ele>-23.0</ele>
    <time>2024-10-10T07:20:45Z</time>
    <extensions>
     <gpxtpx:TrackPointExtension>
      <gpxtpx:atemp>10</gpxtpx:atemp>
     </gpxtpx:TrackPointExtension>
    </extensions>
   </trkpt>
   <trkpt lat="52.3854630" lon="4.8800320">
    <ele>-23.2</ele>
    <time>2024-10-10T07:20:46Z</time>
    <extensions>
     <gpxtpx:TrackPointExtension>
      <gpxtpx:atemp>10</gpxtpx:atemp>
     </gpxtpx:TrackPointExtension>
    </extensions>
   </trkpt>
   <trkpt lat="52.3854850" lon="4.8799320">
    <ele>-23.6</ele>
    <time>2024-10-10T07:20:47Z</time>
    <extensions>
     <gpxtpx:TrackPointExtension>
      <gpxtpx:atemp>10</gpxtpx:atemp>
     </gpxtpx:TrackPointExtension>
    </extensions>
   </trkpt>
   <trkpt lat="52.3855080" lon="4.8798310">
    <ele>-24.0</ele>
    <time>2024-10-10T07:20:48Z</time>
    <extensions>
     <gpxtpx:TrackPointExtension>
      <gpxtpx:atemp>10</gpxtpx:atemp>
     </gpxtpx:TrackPointExtension>
    </extensions>
   </trkpt>
   <trkpt lat="52.3855300" lon="4.8797280">
    <ele>-24.2</ele>
    <time>2024-10-10T07:20:49Z</time>
    <extensions>
     <gpxtpx:TrackPointExtension>
      <gpxtpx:atemp>10</gpxtpx:atemp>
     </gpxtpx:TrackPointExtension>
    </extensions>
   </trkpt>
   <trkpt lat="52.3855490" lon="4.8796230">
    <ele>-24.6</ele>
    <time>2024-10-10T07:20:50Z</time>
    <extensions>
     <gpxtpx:TrackPointExtension>
      <gpxtpx:atemp>10</gpxtpx:atemp>
     </gpxtpx:TrackPointExtension>
    </extensions>
   </trkpt>
   <trkpt lat="52.3855660" lon="4.8795150">
    <ele>-24.8</ele>
    <time>2024-10-10T07:20:51Z</time>
    <extensions>
     <gpxtpx:TrackPointExtension>
      <gpxtpx:atemp>10</gpxtpx:atemp>
     </gpxtpx:TrackPointExtension>
    </extensions>
   </trkpt>
   <trkpt lat="52.3855750" lon="4.8794050">
    <ele>-25.0</ele>
    <time>2024-10-10T07:20:52Z</time>
    <extensions>
     <gpxtpx:TrackPointExtension>
      <gpxtpx:atemp>10</gpxtpx:atemp>
     </gpxtpx:TrackPointExtension>
    </extensions>
   </trkpt>
   <trkpt lat="52.3855790" lon="4.8792960">
    <ele>-25.4</ele>
    <time>2024-10-10T07:20:53Z</time>
    <extensions>
     <gpxtpx:TrackPointExtension>
      <gpxtpx:atemp>10</gpxtpx:atemp>
     </gpxtpx:TrackPointExtension>
    </extensions>
   </trkpt>
   <trkpt lat="52.3855810" lon="4.8791760">
    <ele>-25.6</ele>
    <time>2024-10-10T07:20:54Z</time>
    <extensions>
     <gpxtpx:TrackPointExtension>
      <gpxtpx:atemp>10</gpxtpx:atemp>
     </gpxtpx:TrackPointExtension>
    </extensions>
   </trkpt>
   <trkpt lat="52.3855770" lon="4.8790420">
    <ele>-25.6</ele>
    <time>2024-10-10T07:20:55Z</time>
    <extensions>
     <gpxtpx:TrackPointExtension>
      <gpxtpx:atemp>10</gpxtpx:atemp>
     </gpxtpx:TrackPointExtension>
    </extensions>
   </trkpt>
   <trkpt lat="52.3855740" lon="4.8789330">
    <ele>-25.6</ele>
    <time>2024-10-10T07:20:56Z</time>
    <extensions>
     <gpxtpx:TrackPointExtension>
      <gpxtpx:atemp>10</gpxtpx:atemp>
     </gpxtpx:TrackPointExtension>
    </extensions>
   </trkpt>
   <trkpt lat="52.3855740" lon="4.8788200">
    <ele>-25.6</ele>
    <time>2024-10-10T07:20:57Z</time>
    <extensions>
     <gpxtpx:TrackPointExtension>
      <gpxtpx:atemp>10</gpxtpx:atemp>
     </gpxtpx:TrackPointExtension>
    </extensions>
   </trkpt>
   <trkpt lat="52.3855740" lon="4.8787070">
    <ele>-25.6</ele>
    <time>2024-10-10T07:20:58Z</time>
    <extensions>
     <gpxtpx:TrackPointExtension>
      <gpxtpx:atemp>10</gpxtpx:atemp>
     </gpxtpx:TrackPointExtension>
    </extensions>
   </trkpt>
   <trkpt lat="52.3855740" lon="4.8785950">
    <ele>-25.6</ele>
    <time>2024-10-10T07:20:59Z</time>
    <extensions>
     <gpxtpx:TrackPointExtension>
      <gpxtpx:atemp>10</gpxtpx:atemp>
     </gpxtpx:TrackPointExtension>
    </extensions>
   </trkpt>
   <trkpt lat="52.3855730" lon="4.8784860">
    <ele>-25.6</ele>
    <time>2024-10-10T07:21:00Z</time>
    <extensions>
     <gpxtpx:TrackPointExtension>
      <gpxtpx:atemp>10</gpxtpx:atemp>
     </gpxtpx:TrackPointExtension>
    </extensions>
   </trkpt>
   <trkpt lat="52.3855690" lon="4.8783770">
    <ele>-25.6</ele>
    <time>2024-10-10T07:21:01Z</time>
    <extensions>
     <gpxtpx:TrackPointExtension>
      <gpxtpx:atemp>10</gpxtpx:atemp>
     </gpxtpx:TrackPointExtension>
    </extensions>
   </trkpt>
   <trkpt lat="52.3855670" lon="4.8782690">
    <ele>-25.8</ele>
    <time>2024-10-10T07:21:02Z</time>
    <extensions>
     <gpxtpx:TrackPointExtension>
      <gpxtpx:atemp>10</gpxtpx:atemp>
     </gpxtpx:TrackPointExtension>
    </extensions>
   </trkpt>
   <trkpt lat="52.3855670" lon="4.8781610">
    <ele>-25.6</ele>
    <time>2024-10-10T07:21:03Z</time>
    <extensions>
     <gpxtpx:TrackPointExtension>
      <gpxtpx:atemp>10</gpxtpx:atemp>
     </gpxtpx:TrackPointExtension>
    </extensions>
   </trkpt>
   <trkpt lat="52.3855670" lon="4.8780540">
    <ele>-25.6</ele>
    <time>2024-10-10T07:21:04Z</time>
    <extensions>
     <gpxtpx:TrackPointExtension>
      <gpxtpx:atemp>10</gpxtpx:atemp>
     </gpxtpx:TrackPointExtension>
    </extensions>
   </trkpt>
   <trkpt lat="52.3855650" lon="4.8779480">
    <ele>-25.6</ele>
    <time>2024-10-10T07:21:05Z</time>
    <extensions>
     <gpxtpx:TrackPointExtension>
      <gpxtpx:atemp>10</gpxtpx:atemp>
     </gpxtpx:TrackPointExtension>
    </extensions>
   </trkpt>
   <trkpt lat="52.3855570" lon="4.8778450">
    <ele>-25.6</ele>
    <time>2024-10-10T07:21:06Z</time>
    <extensions>
     <gpxtpx:TrackPointExtension>
      <gpxtpx:atemp>10</gpxtpx:atemp>
     </gpxtpx:TrackPointExtension>
    </extensions>
   </trkpt>
   <trkpt lat="52.3855500" lon="4.8777560">
    <ele>-25.8</ele>
    <time>2024-10-10T07:21:07Z</time>
    <extensions>
     <gpxtpx:TrackPointExtension>
      <gpxtpx:atemp>10</gpxtpx:atemp>
     </gpxtpx:TrackPointExtension>
    </extensions>
   </trkpt>
   <trkpt lat="52.3855370" lon="4.8776440">
    <ele>-26.0</ele>
    <time>2024-10-10T07:21:08Z</time>
    <extensions>
     <gpxtpx:TrackPointExtension>
      <gpxtpx:atemp>10</gpxtpx:atemp>
     </gpxtpx:TrackPointExtension>
    </extensions>
   </trkpt>
   <trkpt lat="52.3855270" lon="4.8775540">
    <ele>-26.0</ele>
    <time>2024-10-10T07:21:09Z</time>
    <extensions>
     <gpxtpx:TrackPointExtension>
      <gpxtpx:atemp>10</gpxtpx:atemp>
     </gpxtpx:TrackPointExtension>
    </extensions>
   </trkpt>
   <trkpt lat="52.3855240" lon="4.8774610">
    <ele>-26.0</ele>
    <time>2024-10-10T07:21:10Z</time>
    <extensions>
     <gpxtpx:TrackPointExtension>
      <gpxtpx:atemp>10</gpxtpx:atemp>
     </gpxtpx:TrackPointExtension>
    </extensions>
   </trkpt>
   <trkpt lat="52.3855230" lon="4.8773430">
    <ele>-26.0</ele>
    <time>2024-10-10T07:21:11Z</time>
    <extensions>
     <gpxtpx:TrackPointExtension>
      <gpxtpx:atemp>10</gpxtpx:atemp>
     </gpxtpx:TrackPointExtension>
    </extensions>
   </trkpt>
   <trkpt lat="52.3855260" lon="4.8772090">
    <ele>-26.0</ele>
    <time>2024-10-10T07:21:12Z</time>
    <extensions>
     <gpxtpx:TrackPointExtension>
      <gpxtpx:atemp>10</gpxtpx:atemp>
     </gpxtpx:TrackPointExtension>
    </extensions>
   </trkpt>
   <trkpt lat="52.3855190" lon="4.8771030">
    <ele>-26.0</ele>
    <time>2024-10-10T07:21:13Z</time>
    <extensions>
     <gpxtpx:TrackPointExtension>
      <gpxtpx:atemp>10</gpxtpx:atemp>
     </gpxtpx:TrackPointExtension>
    </extensions>
   </trkpt>
   <trkpt lat="52.3855120" lon="4.8769990">
    <ele>-26.0</ele>
    <time>2024-10-10T07:21:14Z</time>
    <extensions>
     <gpxtpx:TrackPointExtension>
      <gpxtpx:atemp>10</gpxtpx:atemp>
     </gpxtpx:TrackPointExtension>
    </extensions>
   </trkpt>
   <trkpt lat="52.3855080" lon="4.8768950">
    <ele>-25.8</ele>
    <time>2024-10-10T07:21:15Z</time>
    <extensions>
     <gpxtpx:TrackPointExtension>
      <gpxtpx:atemp>10</gpxtpx:atemp>
     </gpxtpx:TrackPointExtension>
    </extensions>
   </trkpt>
   <trkpt lat="52.3855060" lon="4.8767910">
    <ele>-25.8</ele>
    <time>2024-10-10T07:21:16Z</time>
    <extensions>
     <gpxtpx:TrackPointExtension>
      <gpxtpx:atemp>10</gpxtpx:atemp>
     </gpxtpx:TrackPointExtension>
    </extensions>
   </trkpt>
   <trkpt lat="52.3855040" lon="4.8766890">
    <ele>-25.8</ele>
    <time>2024-10-10T07:21:17Z</time>
    <extensions>
     <gpxtpx:TrackPointExtension>
      <gpxtpx:atemp>10</gpxtpx:atemp>
     </gpxtpx:TrackPointExtension>
    </extensions>
   </trkpt>
   <trkpt lat="52.3854960" lon="4.8765870">
    <ele>-26.0</ele>
    <time>2024-10-10T07:21:18Z</time>
    <extensions>
     <gpxtpx:TrackPointExtension>
      <gpxtpx:atemp>10</gpxtpx:atemp>
     </gpxtpx:TrackPointExtension>
    </extensions>
   </trkpt>
   <trkpt lat="52.3854900" lon="4.8764850">
    <ele>-26.0</ele>
    <time>2024-10-10T07:21:19Z</time>
    <extensions>
     <gpxtpx:TrackPointExtension>
      <gpxtpx:atemp>10</gpxtpx:atemp>
     </gpxtpx:TrackPointExtension>
    </extensions>
   </trkpt>
   <trkpt lat="52.3854890" lon="4.8763830">
    <ele>-26.4</ele>
    <time>2024-10-10T07:21:20Z</time>
    <extensions>
     <gpxtpx:TrackPointExtension>
      <gpxtpx:atemp>10</gpxtpx:atemp>
     </gpxtpx:TrackPointExtension>
    </extensions>
   </trkpt>
   <trkpt lat="52.3854840" lon="4.8762840">
    <ele>-26.4</ele>
    <time>2024-10-10T07:21:21Z</time>
    <extensions>
     <gpxtpx:TrackPointExtension>
      <gpxtpx:atemp>10</gpxtpx:atemp>
     </gpxtpx:TrackPointExtension>
    </extensions>
   </trkpt>
   <trkpt lat="52.3854780" lon="4.8761870">
    <ele>-26.6</ele>
    <time>2024-10-10T07:21:22Z</time>
    <extensions>
     <gpxtpx:TrackPointExtension>
      <gpxtpx:atemp>10</gpxtpx:atemp>
     </gpxtpx:TrackPointExtension>
    </extensions>
   </trkpt>
   <trkpt lat="52.3854750" lon="4.8760890">
    <ele>-26.6</ele>
    <time>2024-10-10T07:21:23Z</time>
    <extensions>
     <gpxtpx:TrackPointExtension>
      <gpxtpx:atemp>10</gpxtpx:atemp>
     </gpxtpx:TrackPointExtension>
    </extensions>
   </trkpt>
   <trkpt lat="52.3854730" lon="4.8759940">
    <ele>-26.6</ele>
    <time>2024-10-10T07:21:24Z</time>
    <extensions>
     <gpxtpx:TrackPointExtension>
      <gpxtpx:atemp>10</gpxtpx:atemp>
     </gpxtpx:TrackPointExtension>
    </extensions>
   </trkpt>
   <trkpt lat="52.3854650" lon="4.8758980">
    <ele>-26.6</ele>
    <time>2024-10-10T07:21:25Z</time>
    <extensions>
     <gpxtpx:TrackPointExtension>
      <gpxtpx:atemp>10</gpxtpx:atemp>
     </gpxtpx:TrackPointExtension>
    </extensions>
   </trkpt>
   <trkpt lat="52.3854600" lon="4.8758060">
    <ele>-26.4</ele>
    <time>2024-10-10T07:21:26Z</time>
    <extensions>
     <gpxtpx:TrackPointExtension>
      <gpxtpx:atemp>10</gpxtpx:atemp>
     </gpxtpx:TrackPointExtension>
    </extensions>
   </trkpt>
   <trkpt lat="52.3854600" lon="4.8757160">
    <ele>-26.2</ele>
    <time>2024-10-10T07:21:27Z</time>
    <extensions>
     <gpxtpx:TrackPointExtension>
      <gpxtpx:atemp>10</gpxtpx:atemp>
     </gpxtpx:TrackPointExtension>
    </extensions>
   </trkpt>
   <trkpt lat="52.3854600" lon="4.8756250">
    <ele>-26.4</ele>
    <time>2024-10-10T07:21:28Z</time>
    <extensions>
     <gpxtpx:TrackPointExtension>
      <gpxtpx:atemp>10</gpxtpx:atemp>
     </gpxtpx:TrackPointExtension>
    </extensions>
   </trkpt>
   <trkpt lat="52.3854610" lon="4.8755320">
    <ele>-26.4</ele>
    <time>2024-10-10T07:21:29Z</time>
    <extensions>
     <gpxtpx:TrackPointExtension>
      <gpxtpx:atemp>10</gpxtpx:atemp>
     </gpxtpx:TrackPointExtension>
    </extensions>
   </trkpt>
   <trkpt lat="52.3854650" lon="4.8754460">
    <ele>-26.2</ele>
    <time>2024-10-10T07:21:30Z</time>
    <extensions>
     <gpxtpx:TrackPointExtension>
      <gpxtpx:atemp>10</gpxtpx:atemp>
     </gpxtpx:TrackPointExtension>
    </extensions>
   </trkpt>
   <trkpt lat="52.3854680" lon="4.8753620">
    <ele>-26.2</ele>
    <time>2024-10-10T07:21:31Z</time>
    <extensions>
     <gpxtpx:TrackPointExtension>
      <gpxtpx:atemp>10</gpxtpx:atemp>
     </gpxtpx:TrackPointExtension>
    </extensions>
   </trkpt>
   <trkpt lat="52.3854680" lon="4.8752780">
    <ele>-25.8</ele>
    <time>2024-10-10T07:21:32Z</time>
    <extensions>
     <gpxtpx:TrackPointExtension>
      <gpxtpx:atemp>10</gpxtpx:atemp>
     </gpxtpx:TrackPointExtension>
    </extensions>
   </trkpt>
   <trkpt lat="52.3854660" lon="4.8752040">
    <ele>-25.6</ele>
    <time>2024-10-10T07:21:33Z</time>
    <extensions>
     <gpxtpx:TrackPointExtension>
      <gpxtpx:atemp>10</gpxtpx:atemp>
     </gpxtpx:TrackPointExtension>
    </extensions>
   </trkpt>
   <trkpt lat="52.3854630" lon="4.8751350">
    <ele>-25.4</ele>
    <time>2024-10-10T07:21:34Z</time>
    <extensions>
     <gpxtpx:TrackPointExtension>
      <gpxtpx:atemp>10</gpxtpx:atemp>
     </gpxtpx:TrackPointExtension>
    </extensions>
   </trkpt>
   <trkpt lat="52.3854600" lon="4.8750740">
    <ele>-25.4</ele>
    <time>2024-10-10T07:21:35Z</time>
    <extensions>
     <gpxtpx:TrackPointExtension>
      <gpxtpx:atemp>10</gpxtpx:atemp>
     </gpxtpx:TrackPointExtension>
    </extensions>
   </trkpt>
   <trkpt lat="52.3854640" lon="4.8750210">
    <ele>-25.0</ele>
    <time>2024-10-10T07:21:36Z</time>
    <extensions>
     <gpxtpx:TrackPointExtension>
      <gpxtpx:atemp>10</gpxtpx:atemp>
     </gpxtpx:TrackPointExtension>
    </extensions>
   </trkpt>
   <trkpt lat="52.3854800" lon="4.8749750">
    <ele>-24.8</ele>
    <time>2024-10-10T07:21:37Z</time>
    <extensions>
     <gpxtpx:TrackPointExtension>
      <gpxtpx:atemp>10</gpxtpx:atemp>
     </gpxtpx:TrackPointExtension>
    </extensions>
   </trkpt>
   <trkpt lat="52.3854990" lon="4.8749430">
    <ele>-24.6</ele>
    <time>2024-10-10T07:21:38Z</time>
    <extensions>
     <gpxtpx:TrackPointExtension>
      <gpxtpx:atemp>10</gpxtpx:atemp>
     </gpxtpx:TrackPointExtension>
    </extensions>
   </trkpt>
   <trkpt lat="52.3855330" lon="4.8749230">
    <ele>-24.6</ele>
    <time>2024-10-10T07:21:39Z</time>
    <extensions>
     <gpxtpx:TrackPointExtension>
      <gpxtpx:atemp>10</gpxtpx:atemp>
     </gpxtpx:TrackPointExtension>
    </extensions>
   </trkpt>
   <trkpt lat="52.3855710" lon="4.8749120">
    <ele>-24.4</ele>
    <time>2024-10-10T07:21:40Z</time>
    <extensions>
     <gpxtpx:TrackPointExtension>
      <gpxtpx:atemp>10</gpxtpx:atemp>
     </gpxtpx:TrackPointExtension>
    </extensions>
   </trkpt>
   <trkpt lat="52.3856100" lon="4.8749060">
    <ele>-24.4</ele>
    <time>2024-10-10T07:21:41Z</time>
    <extensions>
     <gpxtpx:TrackPointExtension>
      <gpxtpx:atemp>10</gpxtpx:atemp>
     </gpxtpx:TrackPointExtension>
    </extensions>
   </trkpt>
   <trkpt lat="52.3856520" lon="4.8749010">
    <ele>-24.4</ele>
    <time>2024-10-10T07:21:42Z</time>
    <extensions>
     <gpxtpx:TrackPointExtension>
      <gpxtpx:atemp>10</gpxtpx:atemp>
     </gpxtpx:TrackPointExtension>
    </extensions>
   </trkpt>
   <trkpt lat="52.3856980" lon="4.8748940">
    <ele>-24.4</ele>
    <time>2024-10-10T07:21:43Z</time>
    <extensions>
     <gpxtpx:TrackPointExtension>
      <gpxtpx:atemp>10</gpxtpx:atemp>
     </gpxtpx:TrackPointExtension>
    </extensions>
   </trkpt>
   <trkpt lat="52.3857430" lon="4.8748850">
    <ele>-24.6</ele>
    <time>2024-10-10T07:21:44Z</time>
    <extensions>
     <gpxtpx:TrackPointExtension>
      <gpxtpx:atemp>10</gpxtpx:atemp>
     </gpxtpx:TrackPointExtension>
    </extensions>
   </trkpt>
   <trkpt lat="52.3857880" lon="4.8748720">
    <ele>-24.8</ele>
    <time>2024-10-10T07:21:45Z</time>
    <extensions>
     <gpxtpx:TrackPointExtension>
      <gpxtpx:atemp>10</gpxtpx:atemp>
     </gpxtpx:TrackPointExtension>
    </extensions>
   </trkpt>
   <trkpt lat="52.3858300" lon="4.8748510">
    <ele>-25.0</ele>
    <time>2024-10-10T07:21:46Z</time>
    <extensions>
     <gpxtpx:TrackPointExtension>
      <gpxtpx:atemp>10</gpxtpx:atemp>
     </gpxtpx:TrackPointExtension>
    </extensions>
   </trkpt>
   <trkpt lat="52.3858690" lon="4.8748260">
    <ele>-25.0</ele>
    <time>2024-10-10T07:21:47Z</time>
    <extensions>
     <gpxtpx:TrackPointExtension>
      <gpxtpx:atemp>10</gpxtpx:atemp>
     </gpxtpx:TrackPointExtension>
    </extensions>
   </trkpt>
   <trkpt lat="52.3859110" lon="4.8748050">
    <ele>-25.0</ele>
    <time>2024-10-10T07:21:48Z</time>
    <extensions>
     <gpxtpx:TrackPointExtension>
      <gpxtpx:atemp>10</gpxtpx:atemp>
     </gpxtpx:TrackPointExtension>
    </extensions>
   </trkpt>
   <trkpt lat="52.3859560" lon="4.8747860">
    <ele>-25.0</ele>
    <time>2024-10-10T07:21:49Z</time>
    <extensions>
     <gpxtpx:TrackPointExtension>
      <gpxtpx:atemp>10</gpxtpx:atemp>
     </gpxtpx:TrackPointExtension>
    </extensions>
   </trkpt>
   <trkpt lat="52.3860000" lon="4.8747750">
    <ele>-25.0</ele>
    <time>2024-10-10T07:21:50Z</time>
    <extensions>
     <gpxtpx:TrackPointExtension>
      <gpxtpx:atemp>10</gpxtpx:atemp>
     </gpxtpx:TrackPointExtension>
    </extensions>
   </trkpt>
   <trkpt lat="52.3860440" lon="4.8747640">
    <ele>-25.0</ele>
    <time>2024-10-10T07:21:51Z</time>
    <extensions>
     <gpxtpx:TrackPointExtension>
      <gpxtpx:atemp>10</gpxtpx:atemp>
     </gpxtpx:TrackPointExtension>
    </extensions>
   </trkpt>
   <trkpt lat="52.3860850" lon="4.8747360">
    <ele>-25.0</ele>
    <time>2024-10-10T07:21:52Z</time>
    <extensions>
     <gpxtpx:TrackPointExtension>
      <gpxtpx:atemp>10</gpxtpx:atemp>
     </gpxtpx:TrackPointExtension>
    </extensions>
   </trkpt>
   <trkpt lat="52.3861250" lon="4.8746930">
    <ele>-25.0</ele>
    <time>2024-10-10T07:21:53Z</time>
    <extensions>
     <gpxtpx:TrackPointExtension>
      <gpxtpx:atemp>10</gpxtpx:atemp>
     </gpxtpx:TrackPointExtension>
    </extensions>
   </trkpt>
   <trkpt lat="52.3861670" lon="4.8746490">
    <ele>-25.2</ele>
    <time>2024-10-10T07:21:54Z</time>
    <extensions>
     <gpxtpx:TrackPointExtension>
      <gpxtpx:atemp>10</gpxtpx:atemp>
     </gpxtpx:TrackPointExtension>
    </extensions>
   </trkpt>
   <trkpt lat="52.3862110" lon="4.8746040">
    <ele>-25.2</ele>
    <time>2024-10-10T07:21:55Z</time>
    <extensions>
     <gpxtpx:TrackPointExtension>
      <gpxtpx:atemp>10</gpxtpx:atemp>
     </gpxtpx:TrackPointExtension>
    </extensions>
   </trkpt>
   <trkpt lat="52.3862480" lon="4.8745620">
    <ele>-25.2</ele>
    <time>2024-10-10T07:21:56Z</time>
    <extensions>
     <gpxtpx:TrackPointExtension>
      <gpxtpx:atemp>10</gpxtpx:atemp>
     </gpxtpx:TrackPointExtension>
    </extensions>
   </trkpt>
   <trkpt lat="52.3862860" lon="4.8745230">
    <ele>-25.2</ele>
    <time>2024-10-10T07:21:57Z</time>
    <extensions>
     <gpxtpx:TrackPointExtension>
      <gpxtpx:atemp>10</gpxtpx:atemp>
     </gpxtpx:TrackPointExtension>
    </extensions>
   </trkpt>
   <trkpt lat="52.3863250" lon="4.8744820">
    <ele>-25.2</ele>
    <time>2024-10-10T07:21:58Z</time>
    <extensions>
     <gpxtpx:TrackPointExtension>
      <gpxtpx:atemp>10</gpxtpx:atemp>
     </gpxtpx:TrackPointExtension>
    </extensions>
   </trkpt>
   <trkpt lat="52.3863650" lon="4.8744420">
    <ele>-25.2</ele>
    <time>2024-10-10T07:21:59Z</time>
    <extensions>
     <gpxtpx:TrackPointExtension>
      <gpxtpx:atemp>10</gpxtpx:atemp>
     </gpxtpx:TrackPointExtension>
    </extensions>
   </trkpt>
   <trkpt lat="52.3864090" lon="4.8743860">
    <ele>-25.2</ele>
    <time>2024-10-10T07:22:00Z</time>
    <extensions>
     <gpxtpx:TrackPointExtension>
      <gpxtpx:atemp>10</gpxtpx:atemp>
     </gpxtpx:TrackPointExtension>
    </extensions>
   </trkpt>
   <trkpt lat="52.3864450" lon="4.8743230">
    <ele>-25.4</ele>
    <time>2024-10-10T07:22:01Z</time>
    <extensions>
     <gpxtpx:TrackPointExtension>
      <gpxtpx:atemp>10</gpxtpx:atemp>
     </gpxtpx:TrackPointExtension>
    </extensions>
   </trkpt>
   <trkpt lat="52.3864740" lon="4.8742470">
    <ele>-25.4</ele>
    <time>2024-10-10T07:22:02Z</time>
    <extensions>
     <gpxtpx:TrackPointExtension>
      <gpxtpx:atemp>10</gpxtpx:atemp>
     </gpxtpx:TrackPointExtension>
    </extensions>
   </trkpt>
   <trkpt lat="52.3864950" lon="4.8741610">
    <ele>-25.2</ele>
    <time>2024-10-10T07:22:03Z</time>
    <extensions>
     <gpxtpx:TrackPointExtension>
      <gpxtpx:atemp>10</gpxtpx:atemp>
     </gpxtpx:TrackPointExtension>
    </extensions>
   </trkpt>
   <trkpt lat="52.3865110" lon="4.8740710">
    <ele>-25.2</ele>
    <time>2024-10-10T07:22:04Z</time>
    <extensions>
     <gpxtpx:TrackPointExtension>
      <gpxtpx:atemp>10</gpxtpx:atemp>
     </gpxtpx:TrackPointExtension>
    </extensions>
   </trkpt>
   <trkpt lat="52.3865180" lon="4.8739730">
    <ele>-25.4</ele>
    <time>2024-10-10T07:22:05Z</time>
    <extensions>
     <gpxtpx:TrackPointExtension>
      <gpxtpx:atemp>10</gpxtpx:atemp>
     </gpxtpx:TrackPointExtension>
    </extensions>
   </trkpt>
   <trkpt lat="52.3865190" lon="4.8738790">
    <ele>-25.6</ele>
    <time>2024-10-10T07:22:06Z</time>
    <extensions>
     <gpxtpx:TrackPointExtension>
      <gpxtpx:atemp>10</gpxtpx:atemp>
     </gpxtpx:TrackPointExtension>
    </extensions>
   </trkpt>
   <trkpt lat="52.3865160" lon="4.8737850">
    <ele>-25.4</ele>
    <time>2024-10-10T07:22:07Z</time>
    <extensions>
     <gpxtpx:TrackPointExtension>
      <gpxtpx:atemp>10</gpxtpx:atemp>
     </gpxtpx:TrackPointExtension>
    </extensions>
   </trkpt>
   <trkpt lat="52.3865120" lon="4.8736870">
    <ele>-25.2</ele>
    <time>2024-10-10T07:22:08Z</time>
    <extensions>
     <gpxtpx:TrackPointExtension>
      <gpxtpx:atemp>10</gpxtpx:atemp>
     </gpxtpx:TrackPointExtension>
    </extensions>
   </trkpt>
   <trkpt lat="52.3865090" lon="4.8735920">
    <ele>-25.0</ele>
    <time>2024-10-10T07:22:09Z</time>
    <extensions>
     <gpxtpx:TrackPointExtension>
      <gpxtpx:atemp>10</gpxtpx:atemp>
     </gpxtpx:TrackPointExtension>
    </extensions>
   </trkpt>
   <trkpt lat="52.3865090" lon="4.8734950">
    <ele>-25.0</ele>
    <time>2024-10-10T07:22:10Z</time>
    <extensions>
     <gpxtpx:TrackPointExtension>
      <gpxtpx:atemp>10</gpxtpx:atemp>
     </gpxtpx:TrackPointExtension>
    </extensions>
   </trkpt>
   <trkpt lat="52.3865080" lon="4.8734030">
    <ele>-24.8</ele>
    <time>2024-10-10T07:22:11Z</time>
    <extensions>
     <gpxtpx:TrackPointExtension>
      <gpxtpx:atemp>10</gpxtpx:atemp>
     </gpxtpx:TrackPointExtension>
    </extensions>
   </trkpt>
   <trkpt lat="52.3865070" lon="4.8732990">
    <ele>-24.8</ele>
    <time>2024-10-10T07:22:12Z</time>
    <extensions>
     <gpxtpx:TrackPointExtension>
      <gpxtpx:atemp>10</gpxtpx:atemp>
     </gpxtpx:TrackPointExtension>
    </extensions>
   </trkpt>
   <trkpt lat="52.3865060" lon="4.8731820">
    <ele>-25.0</ele>
    <time>2024-10-10T07:22:13Z</time>
    <extensions>
     <gpxtpx:TrackPointExtension>
      <gpxtpx:atemp>10</gpxtpx:atemp>
     </gpxtpx:TrackPointExtension>
    </extensions>
   </trkpt>
   <trkpt lat="52.3864930" lon="4.8731020">
    <ele>-25.0</ele>
    <time>2024-10-10T07:22:14Z</time>
    <extensions>
     <gpxtpx:TrackPointExtension>
      <gpxtpx:atemp>10</gpxtpx:atemp>
     </gpxtpx:TrackPointExtension>
    </extensions>
   </trkpt>
   <trkpt lat="52.3864910" lon="4.8730020">
    <ele>-25.4</ele>
    <time>2024-10-10T07:22:15Z</time>
    <extensions>
     <gpxtpx:TrackPointExtension>
      <gpxtpx:atemp>10</gpxtpx:atemp>
     </gpxtpx:TrackPointExtension>
    </extensions>
   </trkpt>
   <trkpt lat="52.3864830" lon="4.8728970">
    <ele>-25.4</ele>
    <time>2024-10-10T07:22:16Z</time>
    <extensions>
     <gpxtpx:TrackPointExtension>
      <gpxtpx:atemp>10</gpxtpx:atemp>
     </gpxtpx:TrackPointExtension>
    </extensions>
   </trkpt>
   <trkpt lat="52.3865380" lon="4.8728150">
    <ele>-25.6</ele>
    <time>2024-10-10T07:22:17Z</time>
    <extensions>
     <gpxtpx:TrackPointExtension>
      <gpxtpx:atemp>10</gpxtpx:atemp>
     </gpxtpx:TrackPointExtension>
    </extensions>
   </trkpt>
   <trkpt lat="52.3865550" lon="4.8727470">
    <ele>-25.6</ele>
    <time>2024-10-10T07:22:18Z</time>
    <extensions>
     <gpxtpx:TrackPointExtension>
      <gpxtpx:atemp>10</gpxtpx:atemp>
     </gpxtpx:TrackPointExtension>
    </extensions>
   </trkpt>
   <trkpt lat="52.3865080" lon="4.8726240">
    <ele>-25.6</ele>
    <time>2024-10-10T07:22:19Z</time>
    <extensions>
     <gpxtpx:TrackPointExtension>
      <gpxtpx:atemp>10</gpxtpx:atemp>
     </gpxtpx:TrackPointExtension>
    </extensions>
   </trkpt>
   <trkpt lat="52.3865120" lon="4.8725520">
    <ele>-25.6</ele>
    <time>2024-10-10T07:22:20Z</time>
    <extensions>
     <gpxtpx:TrackPointExtension>
      <gpxtpx:atemp>10</gpxtpx:atemp>
     </gpxtpx:TrackPointExtension>
    </extensions>
   </trkpt>
   <trkpt lat="52.3865280" lon="4.8724690">
    <ele>-25.6</ele>
    <time>2024-10-10T07:22:21Z</time>
    <extensions>
     <gpxtpx:TrackPointExtension>
      <gpxtpx:atemp>10</gpxtpx:atemp>
     </gpxtpx:TrackPointExtension>
    </extensions>
   </trkpt>
   <trkpt lat="52.3865120" lon="4.8723440">
    <ele>-25.6</ele>
    <time>2024-10-10T07:22:22Z</time>
    <extensions>
     <gpxtpx:TrackPointExtension>
      <gpxtpx:atemp>10</gpxtpx:atemp>
     </gpxtpx:TrackPointExtension>
    </extensions>
   </trkpt>
   <trkpt lat="52.3864900" lon="4.8722660">
    <ele>-25.6</ele>
    <time>2024-10-10T07:22:23Z</time>
    <extensions>
     <gpxtpx:TrackPointExtension>
      <gpxtpx:atemp>10</gpxtpx:atemp>
     </gpxtpx:TrackPointExtension>
    </extensions>
   </trkpt>
   <trkpt lat="52.3864500" lon="4.8721770">
    <ele>-25.4</ele>
    <time>2024-10-10T07:22:24Z</time>
    <extensions>
     <gpxtpx:TrackPointExtension>
      <gpxtpx:atemp>10</gpxtpx:atemp>
     </gpxtpx:TrackPointExtension>
    </extensions>
   </trkpt>
   <trkpt lat="52.3864160" lon="4.8720960">
    <ele>-25.4</ele>
    <time>2024-10-10T07:22:25Z</time>
    <extensions>
     <gpxtpx:TrackPointExtension>
      <gpxtpx:atemp>10</gpxtpx:atemp>
     </gpxtpx:TrackPointExtension>
    </extensions>
   </trkpt>
   <trkpt lat="52.3863800" lon="4.8720240">
    <ele>-25.4</ele>
    <time>2024-10-10T07:22:26Z</time>
    <extensions>
     <gpxtpx:TrackPointExtension>
      <gpxtpx:atemp>10</gpxtpx:atemp>
     </gpxtpx:TrackPointExtension>
    </extensions>
   </trkpt>
   <trkpt lat="52.3863470" lon="4.8719360">
    <ele>-25.4</ele>
    <time>2024-10-10T07:22:27Z</time>
    <extensions>
     <gpxtpx:TrackPointExtension>
      <gpxtpx:atemp>10</gpxtpx:atemp>
     </gpxtpx:TrackPointExtension>
    </extensions>
   </trkpt>
   <trkpt lat="52.3863250" lon="4.8718480">
    <ele>-25.4</ele>
    <time>2024-10-10T07:22:28Z</time>
    <extensions>
     <gpxtpx:TrackPointExtension>
      <gpxtpx:atemp>10</gpxtpx:atemp>
     </gpxtpx:TrackPointExtension>
    </extensions>
   </trkpt>
   <trkpt lat="52.3862950" lon="4.8717770">
    <ele>-25.2</ele>
    <time>2024-10-10T07:22:29Z</time>
    <extensions>
     <gpxtpx:TrackPointExtension>
      <gpxtpx:atemp>10</gpxtpx:atemp>
     </gpxtpx:TrackPointExtension>
    </extensions>
   </trkpt>
   <trkpt lat="52.3862700" lon="4.8717020">
    <ele>-25.2</ele>
    <time>2024-10-10T07:22:30Z</time>
    <extensions>
     <gpxtpx:TrackPointExtension>
      <gpxtpx:atemp>10</gpxtpx:atemp>
     </gpxtpx:TrackPointExtension>
    </extensions>
   </trkpt>
   <trkpt lat="52.3862450" lon="4.8716100">
    <ele>-25.0</ele>
    <time>2024-10-10T07:22:31Z</time>
    <extensions>
     <gpxtpx:TrackPointExtension>
      <gpxtpx:atemp>10</gpxtpx:atemp>
     </gpxtpx:TrackPointExtension>
    </extensions>
   </trkpt>
   <trkpt lat="52.3862230" lon="4.8715050">
    <ele>-25.0</ele>
    <time>2024-10-10T07:22:32Z</time>
    <extensions>
     <gpxtpx:TrackPointExtension>
      <gpxtpx:atemp>10</gpxtpx:atemp>
     </gpxtpx:TrackPointExtension>
    </extensions>
   </trkpt>
   <trkpt lat="52.3862110" lon="4.8714130">
    <ele>-24.8</ele>
    <time>2024-10-10T07:22:33Z</time>
    <extensions>
     <gpxtpx:TrackPointExtension>
      <gpxtpx:atemp>10</gpxtpx:atemp>
     </gpxtpx:TrackPointExtension>
    </extensions>
   </trkpt>
   <trkpt lat="52.3861950" lon="4.8713190">
    <ele>-25.0</ele>
    <time>2024-10-10T07:22:34Z</time>
    <extensions>
     <gpxtpx:TrackPointExtension>
      <gpxtpx:atemp>10</gpxtpx:atemp>
     </gpxtpx:TrackPointExtension>
    </extensions>
   </trkpt>
   <trkpt lat="52.3861750" lon="4.8712280">
    <ele>-25.0</ele>
    <time>2024-10-10T07:22:35Z</time>
    <extensions>
     <gpxtpx:TrackPointExtension>
      <gpxtpx:atemp>10</gpxtpx:atemp>
     </gpxtpx:TrackPointExtension>
    </extensions>
   </trkpt>
   <trkpt lat="52.3861540" lon="4.8711410">
    <ele>-25.4</ele>
    <time>2024-10-10T07:22:36Z</time>
    <extensions>
     <gpxtpx:TrackPointExtension>
      <gpxtpx:atemp>10</gpxtpx:atemp>
     </gpxtpx:TrackPointExtension>
    </extensions>
   </trkpt>
   <trkpt lat="52.3861270" lon="4.8710520">
    <ele>-25.6</ele>
    <time>2024-10-10T07:22:37Z</time>
    <extensions>
     <gpxtpx:TrackPointExtension>
      <gpxtpx:atemp>10</gpxtpx:atemp>
     </gpxtpx:TrackPointExtension>
    </extensions>
   </trkpt>
   <trkpt lat="52.3860950" lon="4.8709640">
    <ele>-25.8</ele>
    <time>2024-10-10T07:22:38Z</time>
    <extensions>
     <gpxtpx:TrackPointExtension>
      <gpxtpx:atemp>10</gpxtpx:atemp>
     </gpxtpx:TrackPointExtension>
    </extensions>
   </trkpt>
   <trkpt lat="52.3860630" lon="4.8708790">
    <ele>-25.6</ele>
    <time>2024-10-10T07:22:39Z</time>
    <extensions>
     <gpxtpx:TrackPointExtension>
      <gpxtpx:atemp>10</gpxtpx:atemp>
     </gpxtpx:TrackPointExtension>
    </extensions>
   </trkpt>
   <trkpt lat="52.3860360" lon="4.8707880">
    <ele>-25.4</ele>
    <time>2024-10-10T07:22:40Z</time>
    <extensions>
     <gpxtpx:TrackPointExtension>
      <gpxtpx:atemp>10</gpxtpx:atemp>
     </gpxtpx:TrackPointExtension>
    </extensions>
   </trkpt>
   <trkpt lat="52.3860090" lon="4.8707010">
    <ele>-25.2</ele>
    <time>2024-10-10T07:22:41Z</time>
    <extensions>
     <gpxtpx:TrackPointExtension>
      <gpxtpx:atemp>10</gpxtpx:atemp>
     </gpxtpx:TrackPointExtension>
    </extensions>
   </trkpt>
   <trkpt lat="52.3859820" lon="4.8706120">
    <ele>-24.8</ele>
    <time>2024-10-10T07:22:42Z</time>
    <extensions>
     <gpxtpx:TrackPointExtension>
      <gpxtpx:atemp>10</gpxtpx:atemp>
     </gpxtpx:TrackPointExtension>
    </extensions>
   </trkpt>
   <trkpt lat="52.3859560" lon="4.8705250">
    <ele>-24.6</ele>
    <time>2024-10-10T07:22:43Z</time>
    <extensions>
     <gpxtpx:TrackPointExtension>
      <gpxtpx:atemp>10</gpxtpx:atemp>
     </gpxtpx:TrackPointExtension>
    </extensions>
   </trkpt>
   <trkpt lat="52.3859300" lon="4.8704410">
    <ele>-24.6</ele>
    <time>2024-10-10T07:22:44Z</time>
    <extensions>
     <gpxtpx:TrackPointExtension>
      <gpxtpx:atemp>10</gpxtpx:atemp>
     </gpxtpx:TrackPointExtension>
    </extensions>
   </trkpt>
   <trkpt lat="52.3859050" lon="4.8703570">
    <ele>-24.8</ele>
    <time>2024-10-10T07:22:45Z</time>
    <extensions>
     <gpxtpx:TrackPointExtension>
      <gpxtpx:atemp>10</gpxtpx:atemp>
     </gpxtpx:TrackPointExtension>
    </extensions>
   </trkpt>
   <trkpt lat="52.3858830" lon="4.8702700">
    <ele>-25.0</ele>
    <time>2024-10-10T07:22:46Z</time>
    <extensions>
     <gpxtpx:TrackPointExtension>
      <gpxtpx:atemp>10</gpxtpx:atemp>
     </gpxtpx:TrackPointExtension>
    </extensions>
   </trkpt>
   <trkpt lat="52.3858580" lon="4.8701690">
    <ele>-25.0</ele>
    <time>2024-10-10T07:22:47Z</time>
    <extensions>
     <gpxtpx:TrackPointExtension>
      <gpxtpx:atemp>10</gpxtpx:atemp>
     </gpxtpx:TrackPointExtension>
    </extensions>
   </trkpt>
   <trkpt lat="52.3858550" lon="4.8700700">
    <ele>-25.2</ele>
    <time>2024-10-10T07:22:48Z</time>
    <extensions>
     <gpxtpx:TrackPointExtension>
      <gpxtpx:atemp>10</gpxtpx:atemp>
     </gpxtpx:TrackPointExtension>
    </extensions>
   </trkpt>
   <trkpt lat="52.3858560" lon="4.8699850">
    <ele>-25.2</ele>
    <time>2024-10-10T07:22:49Z</time>
    <extensions>
     <gpxtpx:TrackPointExtension>
      <gpxtpx:atemp>10</gpxtpx:atemp>
     </gpxtpx:TrackPointExtension>
    </extensions>
   </trkpt>
   <trkpt lat="52.3858370" lon="4.8699100">
    <ele>-25.0</ele>
    <time>2024-10-10T07:22:50Z</time>
    <extensions>
     <gpxtpx:TrackPointExtension>
      <gpxtpx:atemp>10</gpxtpx:atemp>
     </gpxtpx:TrackPointExtension>
    </extensions>
   </trkpt>
   <trkpt lat="52.3858200" lon="4.8698510">
    <ele>-25.2</ele>
    <time>2024-10-10T07:22:51Z</time>
    <extensions>
     <gpxtpx:TrackPointExtension>
      <gpxtpx:atemp>10</gpxtpx:atemp>
     </gpxtpx:TrackPointExtension>
    </extensions>
   </trkpt>
   <trkpt lat="52.3858200" lon="4.8697860">
    <ele>-25.2</ele>
    <time>2024-10-10T07:22:52Z</time>
    <extensions>
     <gpxtpx:TrackPointExtension>
      <gpxtpx:atemp>10</gpxtpx:atemp>
     </gpxtpx:TrackPointExtension>
    </extensions>
   </trkpt>
   <trkpt lat="52.3858140" lon="4.8697250">
    <ele>-25.2</ele>
    <time>2024-10-10T07:22:53Z</time>
    <extensions>
     <gpxtpx:TrackPointExtension>
      <gpxtpx:atemp>10</gpxtpx:atemp>
     </gpxtpx:TrackPointExtension>
    </extensions>
   </trkpt>
   <trkpt lat="52.3858120" lon="4.8696440">
    <ele>-25.2</ele>
    <time>2024-10-10T07:22:54Z</time>
    <extensions>
     <gpxtpx:TrackPointExtension>
      <gpxtpx:atemp>10</gpxtpx:atemp>
     </gpxtpx:TrackPointExtension>
    </extensions>
   </trkpt>
   <trkpt lat="52.3858150" lon="4.8695780">
    <ele>-25.0</ele>
    <time>2024-10-10T07:22:55Z</time>
    <extensions>
     <gpxtpx:TrackPointExtension>
      <gpxtpx:atemp>10</gpxtpx:atemp>
     </gpxtpx:TrackPointExtension>
    </extensions>
   </trkpt>
   <trkpt lat="52.3858150" lon="4.8695180">
    <ele>-25.0</ele>
    <time>2024-10-10T07:22:56Z</time>
    <extensions>
     <gpxtpx:TrackPointExtension>
      <gpxtpx:atemp>10</gpxtpx:atemp>
     </gpxtpx:TrackPointExtension>
    </extensions>
   </trkpt>
   <trkpt lat="52.3858180" lon="4.8694650">
    <ele>-24.8</ele>
    <time>2024-10-10T07:22:57Z</time>
    <extensions>
     <gpxtpx:TrackPointExtension>
      <gpxtpx:atemp>10</gpxtpx:atemp>
     </gpxtpx:TrackPointExtension>
    </extensions>
   </trkpt>
   <trkpt lat="52.3858310" lon="4.8694290">
    <ele>-24.6</ele>
    <time>2024-10-10T07:22:58Z</time>
    <extensions>
     <gpxtpx:TrackPointExtension>
      <gpxtpx:atemp>10</gpxtpx:atemp>
     </gpxtpx:TrackPointExtension>
    </extensions>
   </trkpt>
   <trkpt lat="52.3858430" lon="4.8694100">
    <ele>-24.4</ele>
    <time>2024-10-10T07:22:59Z</time>
    <extensions>
     <gpxtpx:TrackPointExtension>
      <gpxtpx:atemp>10</gpxtpx:atemp>
     </gpxtpx:TrackPointExtension>
    </extensions>
   </trkpt>
   <trkpt lat="52.3858510" lon="4.8693930">
    <ele>-24.4</ele>
    <time>2024-10-10T07:23:00Z</time>
    <extensions>
     <gpxtpx:TrackPointExtension>
      <gpxtpx:atemp>10</gpxtpx:atemp>
     </gpxtpx:TrackPointExtension>
    </extensions>
   </trkpt>
  </trkseg>
 </trk>
</gpx>
